测试误差,训练误差,类型,b_m,d,n
0.483522853958,0.607822410148,equal,8,2,44
0.503232998885,0.593023255814,fmn,8,2,44
0.686176142698,0.708245243129,equal,8,2,44
0.682519509476,0.713530655391,fmn,8,2,44
0.673288740245,0.670190274841,equal,8,2,44
0.56127090301,0.517970401691,fmn,8,2,44
0.678639910814,0.715644820296,equal,8,2,44
0.664659977703,0.678646934461,fmn,8,2,44
0.526421404682,0.602536997886,equal,8,2,44
0.474269788183,0.577167019027,fmn,8,2,44
0.627357859532,0.679704016913,equal,8,2,44
0.567647714604,0.597251585624,fmn,8,2,44
0.649587513935,0.690274841438,equal,8,2,44
0.608740245262,0.541226215645,fmn,8,2,44
0.651460423634,0.731501057082,equal,8,2,44
0.654983277592,0.6955602537,fmn,8,2,44
0.600936454849,0.661733615222,equal,8,2,44
0.589342251951,0.565539112051,fmn,8,2,44
0.526220735786,0.606765327696,equal,8,2,44
0.526599777035,0.557082452431,fmn,8,2,44
0.540824972129,0.635306553911,equal,8,2,44
0.524437012263,0.570824524313,fmn,8,2,44
0.514136008919,0.564482029598,equal,8,2,44
0.456700111483,0.523255813953,fmn,8,2,44
0.643143812709,0.65221987315,equal,8,2,44
0.560066889632,0.576109936575,fmn,8,2,44
0.623366778149,0.735729386892,equal,8,2,44
0.63734671126,0.679704016913,fmn,8,2,44
0.607692307692,0.603594080338,equal,8,2,44
0.532218506132,0.559196617336,fmn,8,2,44
0.650680044593,0.637420718816,equal,8,2,44
0.59607580825,0.556025369979,fmn,8,2,44
0.627335562988,0.615221987315,equal,8,2,44
0.591059085842,0.598308668076,fmn,8,2,44
0.621694537347,0.65221987315,equal,8,2,44
0.558416945373,0.552854122622,fmn,8,2,44
0.644080267559,0.594080338266,equal,8,2,44
0.487447045708,0.483086680761,fmn,8,2,44
0.613244147157,0.632135306554,equal,8,2,44
0.504548494983,0.557082452431,fmn,8,2,44
0.591371237458,0.654334038055,equal,8,2,44
0.554492753623,0.590909090909,fmn,8,2,44
0.601360089186,0.623678646934,equal,8,2,44
0.571415830546,0.549682875264,fmn,8,2,44
0.625507246377,0.678646934461,equal,8,2,44
0.600289855072,0.607822410148,fmn,8,2,44
0.509141583055,0.598308668076,equal,8,2,44
0.483143812709,0.560253699789,fmn,8,2,44
0.611750278707,0.64799154334,equal,8,2,44
0.57988851728,0.579281183932,fmn,8,2,44
0.664414715719,0.778012684989,equal,8,2,44
0.663522853958,0.760042283298,fmn,8,2,44
0.529676700111,0.636363636364,equal,8,2,44
0.53895206243,0.636363636364,fmn,8,2,44
0.635629877369,0.710359408034,equal,8,2,44
0.616700111483,0.696617336152,fmn,8,2,44
0.662965440357,0.620507399577,equal,8,2,44
0.616588628763,0.576109936575,fmn,8,2,44
0.630457079153,0.709302325581,equal,8,2,44
0.6302787068,0.667019027484,fmn,8,2,44
0.565975473802,0.708245243129,equal,8,2,44
0.560958751394,0.628964059197,fmn,8,2,44
0.692753623188,0.73467230444,equal,8,2,44
0.663612040134,0.713530655391,fmn,8,2,44
0.584503901895,0.682875264271,equal,8,2,44
0.582564102564,0.61310782241,fmn,8,2,44
0.652419175028,0.72621564482,equal,8,2,44
0.635295429208,0.73467230444,fmn,8,2,44
0.527424749164,0.586680761099,equal,8,2,44
0.520579710145,0.503171247357,fmn,8,2,44
0.659420289855,0.733615221987,equal,8,2,44
0.521694537347,0.585623678647,fmn,8,2,44
0.734336677815,0.76532769556,equal,8,2,44
0.727870680045,0.762156448203,fmn,8,2,44
0.48867335563,0.524312896406,equal,8,2,44
0.490903010033,0.487315010571,fmn,8,2,44
0.619732441472,0.646934460888,equal,8,2,44
0.566086956522,0.65221987315,fmn,8,2,44
0.686086956522,0.693446088795,equal,8,2,44
0.552508361204,0.520084566596,fmn,8,2,44
0.6702787068,0.747357293869,equal,8,2,44
0.611950947603,0.702959830867,fmn,8,2,44
0.540958751394,0.594080338266,equal,8,2,44
0.489587513935,0.522198731501,fmn,8,2,44
0.685351170569,0.714587737844,equal,8,2,44
0.651014492754,0.661733615222,fmn,8,2,44
0.615161649944,0.65221987315,equal,8,2,44
0.582742474916,0.575052854123,fmn,8,2,44
0.521939799331,0.602536997886,equal,8,2,44
0.576610925307,0.553911205074,fmn,8,2,44
0.538350055741,0.567653276956,equal,8,2,44
0.483255295429,0.436575052854,fmn,8,2,44
0.724949832776,0.709302325581,equal,8,2,44
0.65099219621,0.665961945032,fmn,8,2,44
0.684414715719,0.662790697674,equal,8,2,44
0.614581939799,0.612050739958,fmn,8,2,44
0.60994425864,0.625792811839,equal,8,2,44
0.549052396878,0.56976744186,fmn,8,2,44
0.688918617614,0.727272727273,equal,8,2,44
0.672419175028,0.725158562368,fmn,8,2,44
0.646488294314,0.753712237583,equal,8,2,63
0.644303232999,0.730670762929,fmn,8,2,63
0.609163879599,0.660010240655,equal,8,2,63
0.566733556299,0.539682539683,fmn,8,2,63
0.513266443701,0.604198668715,equal,8,2,63
0.507759197324,0.542754736303,fmn,8,2,63
0.542564102564,0.609318996416,equal,8,2,63
0.518773690078,0.553507424475,fmn,8,2,63
0.526711259755,0.520225294419,equal,8,2,63
0.46115942029,0.511008704557,fmn,8,2,63
0.649163879599,0.643625192012,equal,8,2,63
0.590011148272,0.608294930876,fmn,8,2,63
0.646688963211,0.644137224782,equal,8,2,63
0.623232998885,0.639016897081,fmn,8,2,63
0.625953177258,0.63287250384,equal,8,2,63
0.548138238573,0.544802867384,fmn,8,2,63
0.674002229654,0.694316436252,equal,8,2,63
0.614069119287,0.649769585253,fmn,8,2,63
0.64624303233,0.725038402458,equal,8,2,63
0.615005574136,0.652329749104,fmn,8,2,63
0.622006688963,0.601638504864,equal,8,2,63
0.550657748049,0.562211981567,fmn,8,2,63
0.627937569677,0.63031233999,equal,8,2,63
0.478573021182,0.514080901178,fmn,8,2,63
0.646153846154,0.583205325141,equal,8,2,63
0.465395763657,0.488991295443,fmn,8,2,63
0.639620958751,0.63133640553,equal,8,2,63
0.521003344482,0.530465949821,fmn,8,2,63
0.59226309922,0.635944700461,equal,8,2,63
0.562675585284,0.586789554531,fmn,8,2,63
0.620713489409,0.648233486943,equal,8,2,63
0.619241917503,0.625192012289,fmn,8,2,63
0.576008918618,0.57962109575,equal,8,2,63
0.528963210702,0.534050179211,fmn,8,2,63
0.641449275362,0.63082437276,equal,8,2,63
0.528517279822,0.514592933948,fmn,8,2,63
0.667892976589,0.769073220686,equal,8,2,63
0.65397993311,0.751664106503,fmn,8,2,63
0.649810479376,0.665130568356,equal,8,2,63
0.597926421405,0.57910906298,fmn,8,2,63
0.631460423634,0.7363031234,equal,8,2,63
0.627714604236,0.704557091654,fmn,8,2,63
0.685105908584,0.641577060932,equal,8,2,63
0.632062430323,0.597542242704,fmn,8,2,63
0.63469342252,0.703533026114,equal,8,2,63
0.632909698997,0.671274961598,fmn,8,2,63
0.58022296544,0.699436763953,equal,8,2,63
0.578082497213,0.627240143369,fmn,8,2,63
0.706532887402,0.701484895033,equal,8,2,63
0.686644370123,0.677419354839,fmn,8,2,63
0.588272017837,0.677931387609,equal,8,2,63
0.571571906355,0.612391193036,fmn,8,2,63
0.685484949833,0.673323092678,equal,8,2,63
0.633021181717,0.623143881208,fmn,8,2,63
0.660512820513,0.692268305172,equal,8,2,63
0.647134894091,0.701996927803,fmn,8,2,63
0.532909698997,0.569892473118,equal,8,2,63
0.514782608696,0.52483358935,fmn,8,2,63
0.676231884058,0.705069124424,equal,8,2,63
0.607224080268,0.581669226831,fmn,8,2,63
0.523634336678,0.533026113671,equal,8,2,63
0.51121516165,0.479262672811,fmn,8,2,63
0.616365663322,0.653353814644,equal,8,2,63
0.53016722408,0.602662570405,fmn,8,2,63
0.679910813824,0.672811059908,equal,8,2,63
0.674425863991,0.616487455197,fmn,8,2,63
0.680356744705,0.712237583205,equal,8,2,63
0.672084726867,0.712237583205,fmn,8,2,63
0.536365663322,0.583205325141,equal,8,2,63
0.488115942029,0.502816180236,fmn,8,2,63
0.692062430323,0.722990271377,equal,8,2,63
0.668829431438,0.688172043011,fmn,8,2,63
0.621337792642,0.62928827445,equal,8,2,63
0.610680044593,0.609318996416,fmn,8,2,63
0.598773690078,0.642089093702,equal,8,2,63
0.596477146042,0.601126472094,fmn,8,2,63
0.525440356745,0.585765488991,equal,8,2,63
0.501605351171,0.493599590374,fmn,8,2,63
0.722408026756,0.741423451101,equal,8,2,63
0.671594202899,0.676395289299,fmn,8,2,63
0.678929765886,0.669738863287,equal,8,2,63
0.660178372352,0.653865847414,fmn,8,2,63
0.60231884058,0.657450076805,equal,8,2,63
0.575808249721,0.634920634921,fmn,8,2,63
0.66994425864,0.773169482847,equal,8,2,63
0.675005574136,0.73476702509,fmn,8,2,63
0.770434782609,0.767025089606,equal,8,2,63
0.767580824972,0.756784434204,fmn,8,2,63
0.702028985507,0.725038402458,equal,8,2,63
0.647313266444,0.681515616999,fmn,8,2,63
0.64115942029,0.63338453661,equal,8,2,63
0.601627647715,0.601638504864,fmn,8,2,63
0.616677814939,0.644137224782,equal,8,2,63
0.456767001115,0.515616999488,fmn,8,2,63
0.664570791527,0.701484895033,equal,8,2,63
0.650323299889,0.696876600102,fmn,8,2,63
0.619531772575,0.651817716334,equal,8,2,63
0.581471571906,0.635944700461,fmn,8,2,63
0.592084726867,0.639016897081,equal,8,2,63
0.58845039019,0.636456733231,fmn,8,2,63
0.664793756968,0.685577580314,equal,8,2,77
0.647603121516,0.66985645933,fmn,8,2,77
0.634225195095,0.746069719754,equal,8,2,77
0.591906354515,0.649350649351,fmn,8,2,77
0.620089186176,0.612440191388,equal,8,2,77
0.561114827202,0.564593301435,fmn,8,2,77
0.629409141583,0.611414900889,equal,8,2,77
0.487469342252,0.542720437457,fmn,8,2,77
0.63988851728,0.581339712919,equal,8,2,77
0.473199554069,0.468215994532,fmn,8,2,77
0.652753623188,0.651059466849,equal,8,2,77
0.552619843924,0.558783321941,fmn,8,2,77
0.591861761427,0.641148325359,equal,8,2,77
0.581426978818,0.620984278879,fmn,8,2,77
0.615005574136,0.608339029392,equal,8,2,77
0.595808249721,0.544429254956,fmn,8,2,77
0.637926421405,0.648325358852,equal,8,2,77
0.633266443701,0.642173615858,fmn,8,2,77
0.583545150502,0.563909774436,equal,8,2,77
0.525641025641,0.524606971975,fmn,8,2,77
0.648316610925,0.626452494874,equal,8,2,77
0.513266443701,0.558441558442,fmn,8,2,77
0.671036789298,0.734791524265,equal,8,2,77
0.658929765886,0.73034859877,fmn,8,2,77
0.655072463768,0.661995898838,equal,8,2,77
0.617168338907,0.616199589884,fmn,8,2,77
0.590613154961,0.614832535885,equal,8,2,77
0.554849498328,0.581681476418,fmn,8,2,77
0.633088071349,0.727614490772,equal,8,2,77
0.609676700111,0.706425153794,fmn,8,2,77
0.634537346711,0.692412850308,equal,8,2,77
0.623010033445,0.657211209843,fmn,8,2,77
0.579754738016,0.66028708134,equal,8,2,77
0.58508361204,0.632604237867,fmn,8,2,77
0.710256410256,0.700615174299,equal,8,2,77
0.69386845039,0.672932330827,fmn,8,2,77
0.588272017837,0.678400546822,equal,8,2,77
0.587781493868,0.602529049897,fmn,8,2,77
0.687870680045,0.665413533835,equal,8,2,77
0.650746934225,0.625085440875,fmn,8,2,77
0.645953177258,0.692754613807,equal,8,2,77
0.647469342252,0.685577580314,fmn,8,2,77
0.539219620959,0.562200956938,equal,8,2,77
0.509096989967,0.549213943951,fmn,8,2,77
0.676321070234,0.696855775803,equal,8,2,77
0.578929765886,0.599111414901,fmn,8,2,77
0.535473801561,0.518113465482,equal,8,2,77
0.513043478261,0.5003417635,fmn,8,2,77
0.620624303233,0.636363636364,equal,8,2,77
0.520557413601,0.565276828435,fmn,8,2,77
0.693890746934,0.661312371839,equal,8,2,77
0.671750278707,0.630553656869,fmn,8,2,77
0.678929765886,0.732399179768,equal,8,2,77
0.661649944259,0.723513328776,fmn,8,2,77
0.541516164994,0.575871496924,equal,8,2,77
0.500512820513,0.541353383459,fmn,8,2,77
0.693065774805,0.723171565277,equal,8,2,77
0.669163879599,0.691045796309,fmn,8,2,77
0.628227424749,0.615174299385,equal,8,2,77
0.613177257525,0.604921394395,fmn,8,2,77
0.600824972129,0.638072453862,equal,8,2,77
0.584882943144,0.58988380041,fmn,8,2,77
0.515562987737,0.563568010936,equal,8,2,77
0.525351170569,0.547163362953,fmn,8,2,77
0.722497212932,0.735133287765,equal,8,2,77
0.670457079153,0.685919343814,fmn,8,2,77
0.678684503902,0.687286397813,equal,8,2,77
0.664570791527,0.657552973342,fmn,8,2,77
0.604437012263,0.66028708134,equal,8,2,77
0.58392419175,0.638755980861,fmn,8,2,77
0.679509476031,0.728298017772,equal,8,2,77
0.665217391304,0.69002050581,fmn,8,2,77
0.765774804905,0.765550239234,equal,8,2,77
0.763166109253,0.740601503759,fmn,8,2,77
0.705507246377,0.727272727273,equal,8,2,77
0.66497212932,0.68967874231,fmn,8,2,77
0.646934225195,0.613807245386,equal,8,2,77
0.547447045708,0.531442241969,fmn,8,2,77
0.627001114827,0.64046479836,equal,8,2,77
0.590657748049,0.560833902939,fmn,8,2,77
0.688294314381,0.697197539303,equal,8,2,77
0.658127090301,0.681134654819,fmn,8,2,77
0.649230769231,0.613807245386,equal,8,2,77
0.646064659978,0.607997265892,fmn,8,2,77
0.60254180602,0.618933697881,equal,8,2,77
0.565507246377,0.598427887902,fmn,8,2,77
0.599843924192,0.648325358852,equal,8,2,77
0.509208472687,0.48974709501,fmn,8,2,77
0.63768115942,0.671565276828,equal,8,2,77
0.598573021182,0.601845522898,fmn,8,2,77
0.66358974359,0.634313055366,equal,8,2,77
0.634671125975,0.581339712919,fmn,8,2,77
0.658684503902,0.73000683527,equal,8,2,77
0.567335562988,0.591934381408,fmn,8,2,77
0.540981047938,0.614832535885,equal,8,2,77
0.529052396878,0.585782638414,fmn,8,2,77
0.725284280936,0.752221462748,equal,8,2,77
0.648026755853,0.68967874231,fmn,8,2,77
0.659955406912,0.677033492823,equal,8,2,77
0.653043478261,0.674299384826,fmn,8,2,77
0.638350055741,0.637385086823,equal,8,2,89
0.618862876254,0.613125638407,fmn,8,2,89
0.59259754738,0.568437180797,equal,8,2,89
0.5151393534,0.497191011236,fmn,8,2,89
0.655228539576,0.646833503575,equal,8,2,89
0.588428093645,0.60240040858,fmn,8,2,89
0.67850613155,0.716802860061,equal,8,2,89
0.664503901895,0.709397344229,fmn,8,2,89
0.657658862876,0.667262512768,equal,8,2,89
0.617190635452,0.628958120531,fmn,8,2,89
0.600602006689,0.610316649642,equal,8,2,89
0.564593088071,0.564351378958,fmn,8,2,89
0.630546265329,0.750255362615,equal,8,2,89
0.620245261984,0.739019407559,fmn,8,2,89
0.685529542921,0.655515832482,equal,8,2,89
0.641092530658,0.633810010215,fmn,8,2,89
0.634158305463,0.695863125638,equal,8,2,89
0.629855072464,0.677987742594,fmn,8,2,89
0.592775919732,0.644535240041,equal,8,2,89
0.591192865106,0.636363636364,fmn,8,2,89
0.706822742475,0.727017364658,equal,8,2,89
0.690011148272,0.70633299285,fmn,8,2,89
0.584949832776,0.659601634321,equal,8,2,89
0.59143812709,0.623595505618,fmn,8,2,89
0.691125975474,0.652706843718,equal,8,2,89
0.663790412486,0.618232890705,fmn,8,2,89
0.652396878484,0.689223697651,equal,8,2,89
0.656432552954,0.682073544433,fmn,8,2,89
0.535629877369,0.55771195097,equal,8,2,89
0.508428093645,0.513023493361,fmn,8,2,89
0.747892976589,0.743871297242,equal,8,2,89
0.754113712375,0.736210418795,fmn,8,2,89
0.551928651059,0.549284984678,equal,8,2,89
0.483545150502,0.477528089888,fmn,8,2,89
0.611928651059,0.634576098059,equal,8,2,89
0.504949832776,0.527323799796,fmn,8,2,89
0.69872909699,0.683605720123,equal,8,2,89
0.689632107023,0.667262512768,fmn,8,2,89
0.675050167224,0.723442288049,equal,8,2,89
0.659085841695,0.712717058223,fmn,8,2,89
0.534537346711,0.578907048008,equal,8,2,89
0.495540691193,0.557201225741,fmn,8,2,89
0.702385730212,0.714759959142,equal,8,2,89
0.690479375697,0.70684371808,fmn,8,2,89
0.616878483835,0.61899897855,equal,8,2,89
0.596209587514,0.581716036772,fmn,8,2,89
0.648985507246,0.717058222676,equal,8,2,89
0.638706800446,0.670071501532,fmn,8,2,89
0.501872909699,0.583758937692,equal,8,2,89
0.501471571906,0.55924412666,fmn,8,2,89
0.718439241918,0.747957099081,equal,8,2,89
0.653467112598,0.687436159346,fmn,8,2,89
0.678639910814,0.693564862104,equal,8,2,89
0.650836120401,0.647854954035,fmn,8,2,89
0.599643255295,0.668028600613,equal,8,2,89
0.601739130435,0.651430030644,fmn,8,2,89
0.676031215162,0.729315628192,equal,8,2,89
0.657413600892,0.707099080695,fmn,8,2,89
0.772798216276,0.775280898876,equal,8,2,89
0.764615384615,0.753830439224,fmn,8,2,89
0.709520624303,0.717568947906,equal,8,2,89
0.680512820513,0.682584269663,fmn,8,2,89
0.616321070234,0.64657814096,equal,8,2,89
0.5575696767,0.555924412666,fmn,8,2,89
0.684214046823,0.70633299285,equal,8,2,89
0.657725752508,0.694586312564,fmn,8,2,89
0.663210702341,0.627681307457,equal,8,2,89
0.645395763657,0.621297242084,fmn,8,2,89
0.609253065775,0.610316649642,equal,8,2,89
0.59641025641,0.609550561798,fmn,8,2,89
0.600379041249,0.611082737487,equal,8,2,89
0.560891861761,0.586057201226,fmn,8,2,89
0.600401337793,0.676455566905,equal,8,2,89
0.503790412486,0.583248212462,fmn,8,2,89
0.637279821628,0.677987742594,equal,8,2,89
0.602229654404,0.616700715015,fmn,8,2,89
0.669609810479,0.634320735444,equal,8,2,89
0.657547380156,0.595760980592,fmn,8,2,89
0.652285395764,0.732124616956,equal,8,2,89
0.615362318841,0.659856996936,fmn,8,2,89
0.534158305463,0.608018386108,equal,8,2,89
0.516744704571,0.596271705822,fmn,8,2,89
0.720200668896,0.776046986721,equal,8,2,89
0.665039018952,0.727272727273,fmn,8,2,89
0.660401337793,0.673646578141,equal,8,2,89
0.651192865106,0.658069458631,fmn,8,2,89
0.609921962096,0.622318692543,equal,8,2,89
0.519464882943,0.533197139939,fmn,8,2,89
0.679821627648,0.707609805924,equal,8,2,89
0.644214046823,0.67773237998,fmn,8,2,89
0.666220735786,0.653472931563,equal,8,2,89
0.631928651059,0.596782431052,fmn,8,2,89
0.559018952062,0.61797752809,equal,8,2,89
0.548851727982,0.573033707865,fmn,8,2,89
0.61469342252,0.614402451481,equal,8,2,89
0.526176142698,0.507660878447,fmn,8,2,89
0.647157190635,0.630234933606,equal,8,2,89
0.578283166109,0.574565883555,fmn,8,2,89
0.671505016722,0.671603677222,equal,8,2,89
0.635629877369,0.615423901941,fmn,8,2,89
0.63110367893,0.693535353535,equal,8,2,100
0.62740245262,0.679393939394,fmn,8,2,100
0.591906354515,0.628686868687,equal,8,2,100
0.594448160535,0.62404040404,fmn,8,2,100
0.71121516165,0.728282828283,equal,8,2,100
0.698639910814,0.712121212121,fmn,8,2,100
0.582809364548,0.652727272727,equal,8,2,100
0.588494983278,0.605858585859,fmn,8,2,100
0.694983277592,0.655151515152,equal,8,2,100
0.6648606466,0.632323232323,fmn,8,2,100
0.651259754738,0.680404040404,equal,8,2,100
0.647803790412,0.669090909091,fmn,8,2,100
0.541560758082,0.559191919192,equal,8,2,100
0.518907469342,0.515151515152,fmn,8,2,100
0.687268673356,0.680202020202,equal,8,2,100
0.562720178372,0.604242424242,fmn,8,2,100
0.74392419175,0.74404040404,equal,8,2,100
0.755206243032,0.73797979798,fmn,8,2,100
0.564124860647,0.568888888889,equal,8,2,100
0.461315496098,0.475353535354,fmn,8,2,100
0.620579710145,0.652525252525,equal,8,2,100
0.512017837235,0.541818181818,fmn,8,2,100
0.699732441472,0.674545454545,equal,8,2,100
0.670702341137,0.64303030303,fmn,8,2,100
0.676365663322,0.713939393939,equal,8,2,100
0.658193979933,0.689090909091,fmn,8,2,100
0.539197324415,0.580202020202,equal,8,2,100
0.49618729097,0.526060606061,fmn,8,2,100
0.698127090301,0.71696969697,equal,8,2,100
0.682229654404,0.697171717172,fmn,8,2,100
0.617480490524,0.624444444444,equal,8,2,100
0.612017837235,0.587474747475,fmn,8,2,100
0.648138238573,0.711313131313,equal,8,2,100
0.622006688963,0.653131313131,fmn,8,2,100
0.512218506132,0.576767676768,equal,8,2,100
0.513333333333,0.552121212121,fmn,8,2,100
0.718127090301,0.734949494949,equal,8,2,100
0.6848606466,0.692525252525,fmn,8,2,100
0.680089186176,0.686262626263,equal,8,2,100
0.657814938685,0.670505050505,fmn,8,2,100
0.606376811594,0.651919191919,equal,8,2,100
0.607826086957,0.641818181818,fmn,8,2,100
0.671081382386,0.72101010101,equal,8,2,100
0.657324414716,0.7,fmn,8,2,100
0.774136008919,0.778787878788,equal,8,2,100
0.761070234114,0.758585858586,fmn,8,2,100
0.653021181717,0.628484848485,equal,8,2,100
0.574871794872,0.583636363636,fmn,8,2,100
0.636098104794,0.630505050505,equal,8,2,100
0.588606465998,0.560606060606,fmn,8,2,100
0.689453734671,0.688888888889,equal,8,2,100
0.662452619844,0.682222222222,fmn,8,2,100
0.662720178372,0.634747474747,equal,8,2,100
0.640914158305,0.61595959596,fmn,8,2,100
0.621560758082,0.609898989899,equal,8,2,100
0.6127090301,0.606060606061,fmn,8,2,100
0.600289855072,0.609494949495,equal,8,2,100
0.568584169454,0.565252525253,fmn,8,2,100
0.601181716834,0.666464646465,equal,8,2,100
0.501092530658,0.595757575758,fmn,8,2,100
0.669609810479,0.630909090909,equal,8,2,100
0.666733556299,0.614141414141,fmn,8,2,100
0.657279821628,0.725050505051,equal,8,2,100
0.630479375697,0.661414141414,fmn,8,2,100
0.542697881828,0.59696969697,equal,8,2,100
0.52773690078,0.585656565657,fmn,8,2,100
0.689654403567,0.701818181818,equal,8,2,100
0.663678929766,0.672727272727,fmn,8,2,100
0.717859531773,0.766666666667,equal,8,2,100
0.707380156076,0.752121212121,fmn,8,2,100
0.662140468227,0.673939393939,equal,8,2,100
0.605908584169,0.621818181818,fmn,8,2,100
0.592285395764,0.617373737374,equal,8,2,100
0.516923076923,0.583434343434,fmn,8,2,100
0.681850613155,0.696363636364,equal,8,2,100
0.657079152731,0.684444444444,fmn,8,2,100
0.676031215162,0.647878787879,equal,8,2,100
0.632664437012,0.593131313131,fmn,8,2,100
0.620512820513,0.626060606061,equal,8,2,100
0.542943143813,0.529898989899,fmn,8,2,100
0.645395763657,0.633535353535,equal,8,2,100
0.589119286511,0.598181818182,fmn,8,2,100
0.757413600892,0.776767676768,equal,8,2,100
0.757168338907,0.769090909091,fmn,8,2,100
0.66519509476,0.682222222222,equal,8,2,100
0.631638795987,0.616363636364,fmn,8,2,100
0.62370122631,0.69595959596,equal,8,2,100
0.595496098105,0.652323232323,fmn,8,2,100
0.498795986622,0.558787878788,equal,8,2,100
0.501716833891,0.495151515152,fmn,8,2,100
0.575540691193,0.579797979798,equal,8,2,100
0.506845039019,0.549898989899,fmn,8,2,100
0.569877369008,0.668686868687,equal,8,2,100
0.565596432553,0.664444444444,fmn,8,2,100
0.627982162765,0.62,equal,8,2,100
0.608472686734,0.59898989899,fmn,8,2,100
0.619420289855,0.620606060606,equal,8,2,100
0.622943143813,0.604444444444,fmn,8,2,100
0.684303232999,0.641414141414,equal,8,2,100
0.668272017837,0.64303030303,fmn,8,2,100
0.612329988852,0.711416490486,equal,2,4,44
0.621360089186,0.623678646934,fmn,2,4,44
0.690457079153,0.739957716702,equal,2,4,44
0.627246376812,0.684989429175,fmn,2,4,44
0.600445930881,0.650105708245,equal,2,4,44
0.535540691193,0.549682875264,fmn,2,4,44
0.646644370123,0.764270613108,equal,2,4,44
0.573890746934,0.589852008457,fmn,2,4,44
0.717881828317,0.739957716702,equal,2,4,44
0.690412486065,0.66067653277,fmn,2,4,44
0.721426978818,0.719873150106,equal,2,4,44
0.626220735786,0.664904862579,fmn,2,4,44
0.706577480491,0.718816067653,equal,2,4,44
0.604816053512,0.605708245243,fmn,2,4,44
0.663143812709,0.707188160677,equal,2,4,44
0.594358974359,0.564482029598,fmn,2,4,44
0.71005574136,0.729386892178,equal,2,4,44
0.52403567447,0.53911205074,fmn,2,4,44
0.689230769231,0.73044397463,equal,2,4,44
0.596610925307,0.600422832981,fmn,2,4,44
0.732196209588,0.80021141649,equal,2,4,44
0.710858416945,0.782241014799,fmn,2,4,44
0.693377926421,0.768498942918,equal,2,4,44
0.619241917503,0.601479915433,fmn,2,4,44
0.738305462653,0.727272727273,equal,2,4,44
0.638238573021,0.604651162791,fmn,2,4,44
0.691415830546,0.782241014799,equal,2,4,44
0.55226309922,0.644820295983,fmn,2,4,44
0.662474916388,0.774841437632,equal,2,4,44
0.590813823857,0.607822410148,fmn,2,4,44
0.735607580825,0.801268498943,equal,2,4,44
0.640735785953,0.641649048626,fmn,2,4,44
0.735607580825,0.801268498943,equal,2,4,44
0.640735785953,0.641649048626,fmn,2,4,44
0.726421404682,0.754756871036,equal,2,4,44
0.651594202899,0.675475687104,fmn,2,4,44
0.603545150502,0.662790697674,equal,2,4,44
0.529609810479,0.540169133192,fmn,2,4,44
0.743010033445,0.791754756871,equal,2,4,44
0.577614269788,0.646934460888,fmn,2,4,44
0.727603121516,0.786469344609,equal,2,4,44
0.623389074693,0.690274841438,fmn,2,4,44
0.706153846154,0.781183932347,equal,2,4,44
0.565574136009,0.550739957717,fmn,2,4,44
0.728963210702,0.724101479915,equal,2,4,44
0.610501672241,0.626849894292,fmn,2,4,44
0.749074693423,0.776955602537,equal,2,4,44
0.741114827202,0.754756871036,fmn,2,4,44
0.63248606466,0.757928118393,equal,2,4,44
0.604481605351,0.708245243129,fmn,2,4,44
0.622474916388,0.655391120507,equal,2,4,44
0.570211817168,0.588794926004,fmn,2,4,44
0.716923076923,0.785412262156,equal,2,4,44
0.663522853958,0.69133192389,fmn,2,4,44
0.709409141583,0.723044397463,equal,2,4,44
0.6551393534,0.6955602537,fmn,2,4,44
0.652196209588,0.706131078224,equal,2,4,44
0.587268673356,0.650105708245,fmn,2,4,44
0.678639910814,0.760042283298,equal,2,4,44
0.605016722408,0.658562367865,fmn,2,4,44
0.712775919732,0.760042283298,equal,2,4,44
0.571995540691,0.630021141649,fmn,2,4,44
0.765663322185,0.849894291755,equal,2,4,44
0.712062430323,0.776955602537,fmn,2,4,44
0.679108138239,0.766384778013,equal,2,4,44
0.64508361204,0.657505285412,fmn,2,4,44
0.688227424749,0.661733615222,equal,2,4,44
0.667246376812,0.630021141649,fmn,2,4,44
0.746421404682,0.855179704017,equal,2,4,44
0.718238573021,0.768498942918,fmn,2,4,44
0.748294314381,0.783298097252,equal,2,4,44
0.644615384615,0.689217758985,fmn,2,4,44
0.70104793757,0.69978858351,equal,2,4,44
0.609498327759,0.546511627907,fmn,2,4,44
0.635384615385,0.73044397463,equal,2,4,44
0.574738015608,0.602536997886,fmn,2,4,44
0.713333333333,0.754756871036,equal,2,4,44
0.667781493868,0.709302325581,fmn,2,4,44
0.754738015608,0.782241014799,equal,2,4,44
0.629342251951,0.654334038055,fmn,2,4,44
0.686376811594,0.661733615222,equal,2,4,44
0.485440356745,0.483086680761,fmn,2,4,44
0.597502787068,0.698731501057,equal,2,4,44
0.595986622074,0.630021141649,fmn,2,4,44
0.572887402453,0.712473572939,equal,2,4,44
0.544882943144,0.557082452431,fmn,2,4,44
0.823545150502,0.873150105708,equal,2,4,44
0.668985507246,0.637420718816,fmn,2,4,44
0.656610925307,0.742071881607,equal,2,4,44
0.584080267559,0.571881606765,fmn,2,4,44
0.686956521739,0.76955602537,equal,2,4,44
0.616967670011,0.686046511628,fmn,2,4,44
0.76497212932,0.854122621564,equal,2,4,44
0.734738015608,0.817124735729,fmn,2,4,44
0.661248606466,0.724101479915,equal,2,4,44
0.639910813824,0.6955602537,fmn,2,4,44
0.708584169454,0.720930232558,equal,2,4,44
0.661204013378,0.692389006342,fmn,2,4,44
0.670122630992,0.727272727273,equal,2,4,44
0.572976588629,0.614164904863,fmn,2,4,44
0.70994425864,0.718381976446,equal,2,4,63
0.649319955407,0.618535586278,fmn,2,4,63
0.669030100334,0.742447516641,equal,2,4,63
0.617591973244,0.584229390681,fmn,2,4,63
0.629921962096,0.681515616999,equal,2,4,63
0.59005574136,0.534562211982,fmn,2,4,63
0.738238573021,0.792626728111,equal,2,4,63
0.724057971014,0.771121351767,fmn,2,4,63
0.684838350056,0.73835125448,equal,2,4,63
0.648740245262,0.711213517665,fmn,2,4,63
0.770345596433,0.730670762929,equal,2,4,63
0.688717948718,0.647721454173,fmn,2,4,63
0.693623188406,0.749615975422,equal,2,4,63
0.637703455964,0.691756272401,fmn,2,4,63
0.673779264214,0.73476702509,equal,2,4,63
0.625997770346,0.570404505888,fmn,2,4,63
0.778818283166,0.775729646697,equal,2,4,63
0.69652173913,0.695852534562,fmn,2,4,63
0.750033444816,0.78853046595,equal,2,4,63
0.706956521739,0.705581157194,fmn,2,4,63
0.540245261984,0.649257552483,equal,2,4,63
0.497525083612,0.602662570405,fmn,2,4,63
0.725239687848,0.743471582181,equal,2,4,63
0.685105908584,0.708653353815,fmn,2,4,63
0.619286510591,0.62928827445,equal,2,4,63
0.53143812709,0.529953917051,fmn,2,4,63
0.743255295429,0.777265745008,equal,2,4,63
0.673043478261,0.694828469022,fmn,2,4,63
0.713199554069,0.795186891961,equal,2,4,63
0.652352285396,0.699948796723,fmn,2,4,63
0.744637681159,0.719918074757,equal,2,4,63
0.623054626533,0.586277521761,fmn,2,4,63
0.74508361204,0.769073220686,equal,2,4,63
0.729364548495,0.742447516641,fmn,2,4,63
0.633244147157,0.727086533538,equal,2,4,63
0.599866220736,0.655913978495,fmn,2,4,63
0.63353400223,0.663082437276,equal,2,4,63
0.598929765886,0.612903225806,fmn,2,4,63
0.739041248606,0.771121351767,equal,2,4,63
0.692062430323,0.728110599078,fmn,2,4,63
0.721583054627,0.704557091654,equal,2,4,63
0.675295429208,0.710189452125,fmn,2,4,63
0.693333333333,0.716845878136,equal,2,4,63
0.593311036789,0.649257552483,fmn,2,4,63
0.682809364548,0.732206861239,equal,2,4,63
0.612842809365,0.671274961598,fmn,2,4,63
0.713823857302,0.73579109063,equal,2,4,63
0.619197324415,0.656938044035,fmn,2,4,63
0.77154960981,0.832565284178,equal,2,4,63
0.742809364548,0.778801843318,fmn,2,4,63
0.702162764771,0.728110599078,equal,2,4,63
0.673489409142,0.666154633897,fmn,2,4,63
0.670100334448,0.695852534562,equal,2,4,63
0.666086956522,0.679467485919,fmn,2,4,63
0.762296544036,0.814644137225,equal,2,4,63
0.759442586399,0.726062467998,fmn,2,4,63
0.747157190635,0.779825908858,equal,2,4,63
0.60220735786,0.688172043011,fmn,2,4,63
0.751817168339,0.771633384537,equal,2,4,63
0.712285395764,0.73783922171,fmn,2,4,63
0.6502787068,0.716333845366,equal,2,4,63
0.592419175028,0.620071684588,fmn,2,4,63
0.69491638796,0.775217613927,equal,2,4,63
0.616164994426,0.625192012289,fmn,2,4,63
0.75480490524,0.793650793651,equal,2,4,63
0.670345596433,0.68561187916,fmn,2,4,63
0.707803790412,0.713773681516,equal,2,4,63
0.639977703456,0.600614439324,fmn,2,4,63
0.591794871795,0.660522273425,equal,2,4,63
0.51618729097,0.522785458269,fmn,2,4,63
0.605440356745,0.693292370712,equal,2,4,63
0.591861761427,0.643113159242,fmn,2,4,63
0.834938684504,0.857142857143,equal,2,4,63
0.712285395764,0.702508960573,fmn,2,4,63
0.646042363434,0.732206861239,equal,2,4,63
0.583991081382,0.621095750128,fmn,2,4,63
0.701828316611,0.717869943676,equal,2,4,63
0.618974358974,0.600614439324,fmn,2,4,63
0.68265328874,0.764464925755,equal,2,4,63
0.619843924192,0.68458781362,fmn,2,4,63
0.775384615385,0.798259088582,equal,2,4,63
0.741360089186,0.770609318996,fmn,2,4,63
0.675830546265,0.697900665643,equal,2,4,63
0.665596432553,0.658986175115,fmn,2,4,63
0.721962095875,0.740911418331,equal,2,4,63
0.676142697882,0.68407578085,fmn,2,4,63
0.67502787068,0.817204301075,equal,2,4,63
0.58740245262,0.742447516641,fmn,2,4,63
0.620802675585,0.644137224782,equal,2,4,63
0.496120401338,0.544802867384,fmn,2,4,63
0.555496098105,0.600102406554,equal,2,4,63
0.484726867336,0.499743983615,fmn,2,4,63
0.737079152731,0.762416794675,equal,2,4,63
0.559442586399,0.552483358935,fmn,2,4,63
0.769096989967,0.765488991295,equal,2,4,63
0.716923076923,0.714285714286,fmn,2,4,63
0.760735785953,0.764976958525,equal,2,4,63
0.704214046823,0.711725550435,fmn,2,4,63
0.731014492754,0.793650793651,equal,2,4,63
0.713132664437,0.761392729135,fmn,2,4,63
0.778171683389,0.785030758715,equal,2,4,77
0.741404682274,0.745386192755,fmn,2,4,77
0.750969899666,0.774094326726,equal,2,4,77
0.682965440357,0.643198906357,fmn,2,4,77
0.540535117057,0.649350649351,equal,2,4,77
0.493154960981,0.593984962406,fmn,2,4,77
0.717302118172,0.725563909774,equal,2,4,77
0.658550724638,0.68967874231,fmn,2,4,77
0.619554069119,0.638414217362,equal,2,4,77
0.583210702341,0.573479152427,fmn,2,4,77
0.741872909699,0.793916609706,equal,2,4,77
0.667803790412,0.714969241285,fmn,2,4,77
0.714358974359,0.792549555707,equal,2,4,77
0.652731326644,0.721804511278,fmn,2,4,77
0.694180602007,0.72966507177,equal,2,4,77
0.633578595318,0.674641148325,fmn,2,4,77
0.743567447046,0.760765550239,equal,2,4,77
0.64519509476,0.632262474368,fmn,2,4,77
0.743723522854,0.761790840738,equal,2,4,77
0.730211817168,0.739234449761,fmn,2,4,77
0.621226309922,0.717361585783,equal,2,4,77
0.608115942029,0.627819548872,fmn,2,4,77
0.64138238573,0.667464114833,equal,2,4,77
0.622497212932,0.636705399863,fmn,2,4,77
0.731861761427,0.784347231716,equal,2,4,77
0.686176142698,0.742310321258,fmn,2,4,77
0.735050167224,0.717019822283,equal,2,4,77
0.654024526198,0.691729323308,fmn,2,4,77
0.681627647715,0.748462064252,equal,2,4,77
0.622274247492,0.672590567327,fmn,2,4,77
0.645217391304,0.684210526316,equal,2,4,77
0.5897212932,0.611414900889,fmn,2,4,77
0.714559643255,0.731373889269,equal,2,4,77
0.62381270903,0.668489405332,fmn,2,4,77
0.766198439242,0.828434723172,equal,2,4,77
0.735696767001,0.78981544771,fmn,2,4,77
0.695741360089,0.732399179768,equal,2,4,77
0.673355629877,0.703691045796,fmn,2,4,77
0.668985507246,0.703007518797,equal,2,4,77
0.670412486065,0.693438140807,fmn,2,4,77
0.768272017837,0.82023239918,equal,2,4,77
0.774046822742,0.76999316473,fmn,2,4,77
0.735273132664,0.776828434723,equal,2,4,77
0.657168338907,0.743335611757,fmn,2,4,77
0.759531772575,0.788106630212,equal,2,4,77
0.713556298774,0.734791524265,fmn,2,4,77
0.724615384615,0.736158578264,equal,2,4,77
0.65745819398,0.643198906357,fmn,2,4,77
0.657012263099,0.725905673274,equal,2,4,77
0.611571906355,0.644907723855,fmn,2,4,77
0.723121516165,0.751537935748,equal,2,4,77
0.642274247492,0.672590567327,fmn,2,4,77
0.709988851728,0.737867395762,equal,2,4,77
0.647179487179,0.643882433356,fmn,2,4,77
0.594470457079,0.66028708134,equal,2,4,77
0.548205128205,0.59022556391,fmn,2,4,77
0.59364548495,0.674299384826,equal,2,4,77
0.584905239688,0.588516746411,fmn,2,4,77
0.832084726867,0.859193438141,equal,2,4,77
0.740936454849,0.733082706767,fmn,2,4,77
0.651125975474,0.718386876282,equal,2,4,77
0.59143812709,0.637047163363,fmn,2,4,77
0.708160535117,0.736158578264,equal,2,4,77
0.642987736901,0.64046479836,fmn,2,4,77
0.692151616499,0.743677375256,equal,2,4,77
0.594425863991,0.655502392344,fmn,2,4,77
0.673823857302,0.680792891319,equal,2,4,77
0.661404682274,0.645249487355,fmn,2,4,77
0.71375696767,0.764866712235,equal,2,4,77
0.682385730212,0.707792207792,fmn,2,4,77
0.674448160535,0.664730006835,equal,2,4,77
0.644481605351,0.636363636364,fmn,2,4,77
0.683567447046,0.801093643199,equal,2,4,77
0.685239687848,0.764183185236,fmn,2,4,77
0.610680044593,0.673957621326,equal,2,4,77
0.509788182832,0.578605604921,fmn,2,4,77
0.557101449275,0.596035543404,equal,2,4,77
0.494938684504,0.510936431989,fmn,2,4,77
0.751081382386,0.749145591251,equal,2,4,77
0.583790412486,0.567669172932,fmn,2,4,77
0.76127090301,0.775803144224,equal,2,4,77
0.736477146042,0.737183868763,fmn,2,4,77
0.770813823857,0.777853725222,equal,2,4,77
0.708227424749,0.706766917293,fmn,2,4,77
0.755897435897,0.785714285714,equal,2,4,77
0.725529542921,0.735475051265,fmn,2,4,77
0.727692307692,0.784005468216,equal,2,4,77
0.710702341137,0.757006151743,fmn,2,4,77
0.685908584169,0.678058783322,equal,2,4,77
0.652017837235,0.631237183869,fmn,2,4,77
0.676744704571,0.757347915243,equal,2,4,77
0.651571906355,0.717361585783,fmn,2,4,77
0.673556298774,0.694121667806,equal,2,4,77
0.610345596433,0.626452494874,fmn,2,4,77
0.746220735786,0.765208475735,equal,2,4,77
0.720200668896,0.722488038278,fmn,2,4,77
0.642943143813,0.701298701299,equal,2,4,77
0.575072463768,0.6004784689,fmn,2,4,77
0.573734671126,0.637047163363,equal,2,4,77
0.544481605351,0.576896787423,fmn,2,4,77
0.697770345596,0.723953013279,equal,2,4,89
0.671036789298,0.682073544433,fmn,2,4,89
0.745217391304,0.754085801839,equal,2,4,89
0.703188405797,0.693309499489,fmn,2,4,89
0.7502787068,0.75102145046,equal,2,4,89
0.735986622074,0.715270684372,fmn,2,4,89
0.625373467113,0.716036772217,equal,2,4,89
0.604704570792,0.627425944842,fmn,2,4,89
0.651950947603,0.666751787538,equal,2,4,89
0.627335562988,0.626659856997,fmn,2,4,89
0.725328874025,0.776046986721,equal,2,4,89
0.670769230769,0.732379979571,fmn,2,4,89
0.675362318841,0.755362614913,equal,2,4,89
0.620958751394,0.666496424923,fmn,2,4,89
0.682519509476,0.717313585291,equal,2,4,89
0.631192865106,0.676966292135,fmn,2,4,89
0.652575250836,0.692543411645,equal,2,4,89
0.576276477146,0.602655771195,fmn,2,4,89
0.71491638796,0.749233912155,equal,2,4,89
0.655451505017,0.685393258427,fmn,2,4,89
0.761917502787,0.817160367722,equal,2,4,89
0.708405797101,0.760469867211,fmn,2,4,89
0.705351170569,0.724463738509,equal,2,4,89
0.697123745819,0.686159346272,fmn,2,4,89
0.665016722408,0.708120531154,equal,2,4,89
0.668160535117,0.680030643514,fmn,2,4,89
0.781360089186,0.795965270684,equal,2,4,89
0.767268673356,0.730592441267,fmn,2,4,89
0.721939799331,0.789325842697,equal,2,4,89
0.669230769231,0.756384065373,fmn,2,4,89
0.725707915273,0.732379979571,equal,2,4,89
0.661605351171,0.653983656793,fmn,2,4,89
0.659420289855,0.741828396323,equal,2,4,89
0.630613154961,0.680030643514,fmn,2,4,89
0.715072463768,0.747446373851,equal,2,4,89
0.645328874025,0.677477017365,fmn,2,4,89
0.754492753623,0.768130745659,equal,2,4,89
0.679264214047,0.659601634321,fmn,2,4,89
0.715295429208,0.728294177732,equal,2,4,89
0.687714604236,0.692798774259,fmn,2,4,89
0.595696767001,0.643258426966,equal,2,4,89
0.527090301003,0.546475995914,fmn,2,4,89
0.606934225195,0.664964249234,equal,2,4,89
0.593846153846,0.592185903984,fmn,2,4,89
0.837302118172,0.856741573034,equal,2,4,89
0.742274247492,0.737742594484,fmn,2,4,89
0.647892976589,0.721654749745,equal,2,4,89
0.576655518395,0.663687436159,fmn,2,4,89
0.693623188406,0.724719101124,equal,2,4,89
0.588940914158,0.652196118488,fmn,2,4,89
0.778483835006,0.781154239019,equal,2,4,89
0.691125975474,0.70480081716,fmn,2,4,89
0.679955406912,0.689223697651,equal,2,4,89
0.654470457079,0.63304392237,fmn,2,4,89
0.715585284281,0.754596527068,equal,2,4,89
0.676789297659,0.692543411645,fmn,2,4,89
0.669788182832,0.681562819203,equal,2,4,89
0.63861761427,0.642492339122,fmn,2,4,89
0.694760312152,0.774514811032,equal,2,4,89
0.689253065775,0.743871297242,fmn,2,4,89
0.607268673356,0.663687436159,equal,2,4,89
0.518751393534,0.581716036772,fmn,2,4,89
0.756454849498,0.760980592441,equal,2,4,89
0.650501672241,0.652962206333,fmn,2,4,89
0.765507246377,0.76557711951,equal,2,4,89
0.734136008919,0.725740551583,fmn,2,4,89
0.779554069119,0.760214504597,equal,2,4,89
0.733088071349,0.706588355465,fmn,2,4,89
0.760802675585,0.786772216547,equal,2,4,89
0.731527313266,0.752042900919,fmn,2,4,89
0.730390189521,0.782431052094,equal,2,4,89
0.704526198439,0.746169560776,fmn,2,4,89
0.638216276477,0.671348314607,equal,2,4,89
0.598662207358,0.659856996936,fmn,2,4,89
0.682118171683,0.671092951992,equal,2,4,89
0.650523968785,0.644279877426,fmn,2,4,89
0.672976588629,0.742339121553,equal,2,4,89
0.658907469342,0.715015321757,fmn,2,4,89
0.677636566332,0.696373850868,equal,2,4,89
0.605484949833,0.637385086823,fmn,2,4,89
0.74867335563,0.74897854954,equal,2,4,89
0.742742474916,0.728549540347,fmn,2,4,89
0.646086956522,0.695097037794,equal,2,4,89
0.578996655518,0.607507660878,fmn,2,4,89
0.79768115942,0.82431052094,equal,2,4,89
0.784838350056,0.801583248212,fmn,2,4,89
0.682095875139,0.68973442288,equal,2,4,89
0.64519509476,0.634065372829,fmn,2,4,89
0.774425863991,0.848569969356,equal,2,4,89
0.751616499443,0.820224719101,fmn,2,4,89
0.699375696767,0.76557711951,equal,2,4,89
0.653734671126,0.717824310521,fmn,2,4,89
0.541248606466,0.623850868233,equal,2,4,89
0.551125975474,0.574565883555,fmn,2,4,89
0.861226309922,0.836567926456,equal,2,4,89
0.822028985507,0.799795709908,fmn,2,4,89
0.694492753623,0.75051072523,equal,2,4,89
0.654091415831,0.707609805924,fmn,2,4,89
0.685217391304,0.685137895812,equal,2,4,89
0.570925306577,0.570990806946,fmn,2,4,89
0.692998885173,0.70404040404,equal,2,4,100
0.625328874025,0.653535353535,fmn,2,4,100
0.661872909699,0.691717171717,equal,2,4,100
0.584659977703,0.615151515152,fmn,2,4,100
0.723099219621,0.751919191919,equal,2,4,100
0.696120401338,0.712727272727,fmn,2,4,100
0.757525083612,0.810303030303,equal,2,4,100
0.702742474916,0.756565656566,fmn,2,4,100
0.711237458194,0.724848484848,equal,2,4,100
0.704280936455,0.687878787879,fmn,2,4,100
0.668740245262,0.705252525253,equal,2,4,100
0.655875139353,0.684444444444,fmn,2,4,100
0.7848606466,0.793939393939,equal,2,4,100
0.758015607581,0.723434343434,fmn,2,4,100
0.724124860647,0.778585858586,equal,2,4,100
0.689386845039,0.745656565657,fmn,2,4,100
0.757904124861,0.791111111111,equal,2,4,100
0.738550724638,0.767878787879,fmn,2,4,100
0.671237458194,0.735555555556,equal,2,4,100
0.654381270903,0.685656565657,fmn,2,4,100
0.711415830546,0.736767676768,equal,2,4,100
0.633957636566,0.659797979798,fmn,2,4,100
0.751594202899,0.779191919192,equal,2,4,100
0.708940914158,0.697777777778,fmn,2,4,100
0.718372352285,0.733939393939,equal,2,4,100
0.67768115942,0.668484848485,fmn,2,4,100
0.617302118172,0.628282828283,equal,2,4,100
0.524414715719,0.526060606061,fmn,2,4,100
0.604905239688,0.656565656566,equal,2,4,100
0.590903010033,0.591515151515,fmn,2,4,100
0.651950947603,0.693333333333,equal,2,4,100
0.569476031215,0.661818181818,fmn,2,4,100
0.705841694537,0.729090909091,equal,2,4,100
0.63607580825,0.641212121212,fmn,2,4,100
0.695295429208,0.720606060606,equal,2,4,100
0.605373467113,0.654343434343,fmn,2,4,100
0.783433667781,0.772525252525,equal,2,4,100
0.720891861761,0.71595959596,fmn,2,4,100
0.682876254181,0.706464646465,equal,2,4,100
0.671415830546,0.674141414141,fmn,2,4,100
0.708383500557,0.755151515152,equal,2,4,100
0.677146042363,0.707878787879,fmn,2,4,100
0.681003344482,0.67696969697,equal,2,4,100
0.647603121516,0.626464646465,fmn,2,4,100
0.699531772575,0.761212121212,equal,2,4,100
0.692419175028,0.722626262626,fmn,2,4,100
0.606443701226,0.668080808081,equal,2,4,100
0.529119286511,0.582222222222,fmn,2,4,100
0.54635451505,0.614747474747,equal,2,4,100
0.485395763657,0.499393939394,fmn,2,4,100
0.761828316611,0.776161616162,equal,2,4,100
0.752151616499,0.754949494949,fmn,2,4,100
0.776677814939,0.772727272727,equal,2,4,100
0.745819397993,0.728484848485,fmn,2,4,100
0.758416945373,0.789494949495,equal,2,4,100
0.737614269788,0.76202020202,fmn,2,4,100
0.726688963211,0.772727272727,equal,2,4,100
0.717837235229,0.740404040404,fmn,2,4,100
0.633913043478,0.667878787879,equal,2,4,100
0.585261984392,0.644848484848,fmn,2,4,100
0.677123745819,0.734343434343,equal,2,4,100
0.659442586399,0.701414141414,fmn,2,4,100
0.676031215162,0.697373737374,equal,2,4,100
0.6151393534,0.658787878788,fmn,2,4,100
0.755340022297,0.74303030303,equal,2,4,100
0.747068004459,0.722626262626,fmn,2,4,100
0.646399108138,0.700404040404,equal,2,4,100
0.590813823857,0.614545454545,fmn,2,4,100
0.579933110368,0.625050505051,equal,2,4,100
0.556053511706,0.540404040404,fmn,2,4,100
0.799509476031,0.816363636364,equal,2,4,100
0.793556298774,0.803232323232,fmn,2,4,100
0.678238573021,0.688080808081,equal,2,4,100
0.638260869565,0.640202020202,fmn,2,4,100
0.77364548495,0.852929292929,equal,2,4,100
0.741984392419,0.819797979798,fmn,2,4,100
0.698439241918,0.772121212121,equal,2,4,100
0.686733556299,0.744242424242,fmn,2,4,100
0.546309921962,0.615555555556,equal,2,4,100
0.540133779264,0.574141414141,fmn,2,4,100
0.860512820513,0.840202020202,equal,2,4,100
0.821761426979,0.820404040404,fmn,2,4,100
0.699286510591,0.719191919192,equal,2,4,100
0.646889632107,0.673131313131,fmn,2,4,100
0.692419175028,0.690303030303,equal,2,4,100
0.620401337793,0.601212121212,fmn,2,4,100
0.733266443701,0.749292929293,equal,2,4,100
0.67607580825,0.695151515152,fmn,2,4,100
0.7072909699,0.791313131313,equal,2,4,100
0.65248606466,0.72202020202,fmn,2,4,100
0.740780379041,0.770909090909,equal,2,4,100
0.701694537347,0.703636363636,fmn,2,4,100
0.723143812709,0.729696969697,equal,2,4,100
0.694425863991,0.708484848485,fmn,2,4,100
0.798238573021,0.78404040404,equal,2,4,100
0.751772575251,0.759797979798,fmn,2,4,100
0.726688963211,0.76202020202,equal,2,4,100
0.717413600892,0.724848484848,fmn,2,4,100
0.710345596433,0.678787878788,equal,2,4,100
0.657034559643,0.612323232323,fmn,2,4,100
0.717993311037,0.794926004228,equal,2,6,44
0.568517279822,0.668076109937,fmn,2,6,44
0.750523968785,0.791754756871,equal,2,6,44
0.72347826087,0.694503171247,fmn,2,6,44
0.717993311037,0.793868921776,equal,2,6,44
0.660691192865,0.744186046512,fmn,2,6,44
0.699754738016,0.782241014799,equal,2,6,44
0.66900780379,0.738900634249,fmn,2,6,44
0.690903010033,0.72621564482,equal,2,6,44
0.610323299889,0.581395348837,fmn,2,6,44
0.784682274247,0.809725158562,equal,2,6,44
0.610457079153,0.571881606765,fmn,2,6,44
0.737881828317,0.784355179704,equal,2,6,44
0.671727982163,0.714587737844,fmn,2,6,44
0.770680044593,0.821353065539,equal,2,6,44
0.673132664437,0.727272727273,fmn,2,6,44
0.739531772575,0.753699788584,equal,2,6,44
0.663166109253,0.626849894292,fmn,2,6,44
0.734960981048,0.8044397463,equal,2,6,44
0.650367892977,0.737843551797,fmn,2,6,44
0.690858416945,0.793868921776,equal,2,6,44
0.541315496098,0.588794926004,fmn,2,6,44
0.780200668896,0.829809725159,equal,2,6,44
0.65872909699,0.690274841438,fmn,2,6,44
0.691661092531,0.809725158562,equal,2,6,44
0.556276477146,0.707188160677,fmn,2,6,44
0.787870680045,0.829809725159,equal,2,6,44
0.646309921962,0.690274841438,fmn,2,6,44
0.851192865106,0.887949260042,equal,2,6,44
0.758528428094,0.710359408034,fmn,2,6,44
0.820847268673,0.850951374207,equal,2,6,44
0.69226309922,0.688160676533,fmn,2,6,44
0.705217391304,0.790697674419,equal,2,6,44
0.605819397993,0.614164904863,fmn,2,6,44
0.714113712375,0.835095137421,equal,2,6,44
0.672842809365,0.751585623679,fmn,2,6,44
0.845663322185,0.88689217759,equal,2,6,44
0.744057971014,0.757928118393,fmn,2,6,44
0.690523968785,0.739957716702,equal,2,6,44
0.582095875139,0.580338266385,fmn,2,6,44
0.662586399108,0.676532769556,equal,2,6,44
0.603299888517,0.600422832981,fmn,2,6,44
0.759397993311,0.83932346723,equal,2,6,44
0.725663322185,0.795983086681,fmn,2,6,44
0.759241917503,0.828752642706,equal,2,6,44
0.723366778149,0.76532769556,fmn,2,6,44
0.703500557414,0.757928118393,equal,2,6,44
0.586265328874,0.632135306554,fmn,2,6,44
0.899910813824,0.957716701903,equal,2,6,44
0.748740245262,0.80021141649,fmn,2,6,44
0.849988851728,0.861522198732,equal,2,6,44
0.74994425864,0.698731501057,fmn,2,6,44
0.738996655518,0.824524312896,equal,2,6,44
0.659130434783,0.68710359408,fmn,2,6,44
0.741293199554,0.754756871036,equal,2,6,44
0.585373467113,0.631078224101,fmn,2,6,44
0.58773690078,0.73467230444,equal,2,6,44
0.519041248606,0.565539112051,fmn,2,6,44
0.748249721293,0.820295983087,equal,2,6,44
0.655741360089,0.605708245243,fmn,2,6,44
0.679018952062,0.762156448203,equal,2,6,44
0.595741360089,0.698731501057,fmn,2,6,44
0.743656633222,0.757928118393,equal,2,6,44
0.615451505017,0.634249471459,fmn,2,6,44
0.797012263099,0.866807610994,equal,2,6,44
0.671059085842,0.758985200846,fmn,2,6,44
0.749609810479,0.809725158562,equal,2,6,44
0.688740245262,0.702959830867,fmn,2,6,44
0.730144927536,0.816067653277,equal,2,6,44
0.563255295429,0.572938689218,fmn,2,6,44
0.734671125975,0.841437632135,equal,2,6,44
0.684793756968,0.724101479915,fmn,2,6,44
0.848851727982,0.889006342495,equal,2,6,44
0.731638795987,0.755813953488,fmn,2,6,44
0.656499442586,0.737843551797,equal,2,6,44
0.579710144928,0.597251585624,fmn,2,6,44
0.851616499443,0.875264270613,equal,2,6,44
0.750791527313,0.805496828753,fmn,2,6,44
0.795785953177,0.835095137421,equal,2,6,44
0.736164994426,0.748414376321,fmn,2,6,44
0.712107023411,0.85200845666,equal,2,6,44
0.684838350056,0.810782241015,fmn,2,6,44
0.594136008919,0.696617336152,equal,2,6,44
0.591928651059,0.624735729387,fmn,2,6,44
0.713935340022,0.751585623679,equal,2,6,44
0.480022296544,0.562367864693,fmn,2,6,44
0.795719063545,0.849894291755,equal,2,6,44
0.673288740245,0.717758985201,fmn,2,6,44
0.806622073579,0.873150105708,equal,2,6,44
0.721962095875,0.762156448203,fmn,2,6,44
0.849342251951,0.932346723044,equal,2,6,44
0.695696767001,0.676532769556,fmn,2,6,44
0.879598662207,0.924947145877,equal,2,6,44
0.722095875139,0.76532769556,fmn,2,6,44
0.915808249721,0.931289640592,equal,2,6,44
0.790724637681,0.818181818182,fmn,2,6,44
0.798015607581,0.811839323467,equal,2,6,44
0.677034559643,0.701902748414,fmn,2,6,44
0.671282051282,0.774841437632,equal,2,6,44
0.614470457079,0.641649048626,fmn,2,6,44
0.744615384615,0.766513056836,equal,2,6,63
0.672441471572,0.676395289299,fmn,2,6,63
0.740624303233,0.810035842294,equal,2,6,63
0.650011148272,0.717869943676,fmn,2,6,63
0.699219620959,0.783410138249,equal,2,6,63
0.623545150502,0.730158730159,fmn,2,6,63
0.775852842809,0.836661546339,equal,2,6,63
0.649297658863,0.655913978495,fmn,2,6,63
0.70530657748,0.802867383513,equal,2,6,63
0.595741360089,0.724526369688,fmn,2,6,63
0.7951393534,0.84280593958,equal,2,6,63
0.751861761427,0.785458269329,fmn,2,6,63
0.857212931996,0.887864823349,equal,2,6,63
0.739732441472,0.752176139273,fmn,2,6,63
0.719063545151,0.772145417307,equal,2,6,63
0.632352285396,0.641577060932,fmn,2,6,63
0.819754738016,0.871479774706,equal,2,6,63
0.65872909699,0.724526369688,fmn,2,6,63
0.723322185061,0.798771121352,equal,2,6,63
0.643010033445,0.687147977471,fmn,2,6,63
0.742474916388,0.796210957501,equal,2,6,63
0.699620958751,0.714285714286,fmn,2,6,63
0.842006688963,0.881720430108,equal,2,6,63
0.776878483835,0.792114695341,fmn,2,6,63
0.689119286511,0.762416794675,equal,2,6,63
0.632017837235,0.706093189964,fmn,2,6,63
0.680780379041,0.733230926779,equal,2,6,63
0.614046822742,0.653865847414,fmn,2,6,63
0.677279821628,0.730158730159,equal,2,6,63
0.575094760312,0.624167946749,fmn,2,6,63
0.773801560758,0.819252432156,equal,2,6,63
0.761984392419,0.78750640041,fmn,2,6,63
0.720869565217,0.722478238607,equal,2,6,63
0.663612040134,0.655913978495,fmn,2,6,63
0.901337792642,0.932923707117,equal,2,6,63
0.814604236343,0.870967741935,fmn,2,6,63
0.85884057971,0.860727086534,equal,2,6,63
0.763634336678,0.765488991295,fmn,2,6,63
0.742876254181,0.815668202765,equal,2,6,63
0.68474916388,0.771633384537,fmn,2,6,63
0.588740245262,0.711725550435,equal,2,6,63
0.547714604236,0.612903225806,fmn,2,6,63
0.742341137124,0.78699436764,equal,2,6,63
0.689431438127,0.717869943676,fmn,2,6,63
0.67779264214,0.757296466974,equal,2,6,63
0.62104793757,0.674347158218,fmn,2,6,63
0.719732441472,0.699436763953,equal,2,6,63
0.638974358974,0.603174603175,fmn,2,6,63
0.743879598662,0.774193548387,equal,2,6,63
0.592129319955,0.645673323093,fmn,2,6,63
0.801204013378,0.864823348694,equal,2,6,63
0.74900780379,0.794162826421,fmn,2,6,63
0.756120401338,0.800819252432,equal,2,6,63
0.659331103679,0.674347158218,fmn,2,6,63
0.730657748049,0.807475678443,equal,2,6,63
0.629052396878,0.709677419355,fmn,2,6,63
0.735652173913,0.831541218638,equal,2,6,63
0.649074693423,0.664618535586,fmn,2,6,63
0.843166109253,0.884792626728,equal,2,6,63
0.765484949833,0.78904249872,fmn,2,6,63
0.842987736901,0.862775217614,equal,2,6,63
0.785395763657,0.795186891961,fmn,2,6,63
0.847558528428,0.878136200717,equal,2,6,63
0.786510590858,0.84434203789,fmn,2,6,63
0.786778149387,0.84331797235,equal,2,6,63
0.732441471572,0.762928827445,fmn,2,6,63
0.718862876254,0.84229390681,equal,2,6,63
0.691727982163,0.815156169995,fmn,2,6,63
0.600602006689,0.699948796723,equal,2,6,63
0.56602006689,0.602662570405,fmn,2,6,63
0.702564102564,0.741935483871,equal,2,6,63
0.575741360089,0.613415258577,fmn,2,6,63
0.793021181717,0.855606758833,equal,2,6,63
0.744214046823,0.741935483871,fmn,2,6,63
0.793021181717,0.855606758833,equal,2,6,63
0.744214046823,0.741935483871,fmn,2,6,63
0.751661092531,0.802355350742,equal,2,6,63
0.705351170569,0.776241679467,fmn,2,6,63
0.876031215162,0.913978494624,equal,2,6,63
0.746889632107,0.797235023041,fmn,2,6,63
0.920379041249,0.932411674347,equal,2,6,63
0.758037904125,0.761392729135,fmn,2,6,63
0.792107023411,0.812083973374,equal,2,6,63
0.668985507246,0.695340501792,fmn,2,6,63
0.668004459309,0.757808499744,equal,2,6,63
0.622408026756,0.671786994368,fmn,2,6,63
0.725663322185,0.777265745008,equal,2,6,63
0.634336677815,0.711213517665,fmn,2,6,63
0.774648829431,0.84229390681,equal,2,6,63
0.697324414716,0.732718894009,fmn,2,6,63
0.856031215162,0.865335381464,equal,2,6,63
0.736989966555,0.731694828469,fmn,2,6,63
0.821850613155,0.8407578085,equal,2,6,63
0.722051282051,0.718381976446,fmn,2,6,63
0.726934225195,0.756272401434,equal,2,6,63
0.63641025641,0.644137224782,fmn,2,6,63
0.740512820513,0.779313876088,equal,2,6,63
0.696142697882,0.717357910906,fmn,2,6,63
0.753065774805,0.810547875064,equal,2,6,63
0.652931995541,0.666154633897,fmn,2,6,63
0.813043478261,0.873889268626,equal,2,6,77
0.761293199554,0.79049897471,fmn,2,6,77
0.726934225195,0.818523581681,equal,2,6,77
0.672575250836,0.731032125769,fmn,2,6,77
0.735919732441,0.8004101162,equal,2,6,77
0.704236343367,0.766233766234,fmn,2,6,77
0.847826086957,0.877648667122,equal,2,6,77
0.778461538462,0.786397812714,fmn,2,6,77
0.689230769231,0.722146274778,equal,2,6,77
0.615496098105,0.634313055366,fmn,2,6,77
0.692954292085,0.726589200273,equal,2,6,77
0.644726867336,0.677717019822,fmn,2,6,77
0.689498327759,0.70950102529,equal,2,6,77
0.642675585284,0.667464114833,fmn,2,6,77
0.764437012263,0.822966507177,equal,2,6,77
0.725752508361,0.784688995215,fmn,2,6,77
0.777525083612,0.801435406699,equal,2,6,77
0.749654403567,0.758031442242,fmn,2,6,77
0.731861761427,0.732399179768,equal,2,6,77
0.719464882943,0.673957621326,fmn,2,6,77
0.898684503902,0.927546138072,equal,2,6,77
0.823255295429,0.876281613124,fmn,2,6,77
0.860780379041,0.858851674641,equal,2,6,77
0.812040133779,0.788790157211,fmn,2,6,77
0.753712374582,0.815447710185,equal,2,6,77
0.71016722408,0.757006151743,fmn,2,6,77
0.75850613155,0.774436090226,equal,2,6,77
0.706711259755,0.6995898838,fmn,2,6,77
0.588740245262,0.698564593301,equal,2,6,77
0.539331103679,0.586807928913,fmn,2,6,77
0.68613154961,0.747436773753,equal,2,6,77
0.656499442586,0.658578263841,fmn,2,6,77
0.711014492754,0.753930280246,equal,2,6,77
0.617948717949,0.600820232399,fmn,2,6,77
0.737993311037,0.8000683527,equal,2,6,77
0.598082497213,0.670881749829,fmn,2,6,77
0.754046822742,0.801435406699,equal,2,6,77
0.687335562988,0.691045796309,fmn,2,6,77
0.734738015608,0.771701982228,equal,2,6,77
0.622564102564,0.664388243336,fmn,2,6,77
0.736499442586,0.827751196172,equal,2,6,77
0.697168338907,0.741285030759,fmn,2,6,77
0.850122630992,0.876281613124,equal,2,6,77
0.744347826087,0.766575529733,fmn,2,6,77
0.689453734671,0.726930963773,equal,2,6,77
0.614782608696,0.671907040328,fmn,2,6,77
0.839085841695,0.855775803144,equal,2,6,77
0.755629877369,0.77956254272,fmn,2,6,77
0.84220735786,0.882775119617,equal,2,6,77
0.748294314381,0.808954203691,fmn,2,6,77
0.792820512821,0.815105946685,equal,2,6,77
0.691170568562,0.705058099795,fmn,2,6,77
0.71375696767,0.843130553657,equal,2,6,77
0.687246376812,0.812371838688,fmn,2,6,77
0.61397993311,0.679084073821,equal,2,6,77
0.580423634337,0.612440191388,fmn,2,6,77
0.721538461538,0.721804511278,equal,2,6,77
0.600379041249,0.620642515379,fmn,2,6,77
0.809141583055,0.827751196172,equal,2,6,77
0.713021181717,0.70984278879,fmn,2,6,77
0.866198439242,0.895420369105,equal,2,6,77
0.660156075808,0.702665755297,fmn,2,6,77
0.747090301003,0.797334244703,equal,2,6,77
0.690680044593,0.77033492823,fmn,2,6,77
0.881649944259,0.900546821599,equal,2,6,77
0.782965440357,0.836637047163,fmn,2,6,77
0.92646599777,0.927204374573,equal,2,6,77
0.781137123746,0.796650717703,fmn,2,6,77
0.650367892977,0.745727956254,equal,2,6,77
0.641025641026,0.691045796309,fmn,2,6,77
0.730546265329,0.797676008202,equal,2,6,77
0.600289855072,0.668147641832,fmn,2,6,77
0.773110367893,0.833219412167,equal,2,6,77
0.714247491639,0.755297334245,fmn,2,6,77
0.762006688963,0.800751879699,equal,2,6,77
0.735429208473,0.732740943267,fmn,2,6,77
0.859063545151,0.856801093643,equal,2,6,77
0.739286510591,0.709159261791,fmn,2,6,77
0.824548494983,0.820574162679,equal,2,6,77
0.693690078038,0.693779904306,fmn,2,6,77
0.728807134894,0.751196172249,equal,2,6,77
0.613288740245,0.646274777854,fmn,2,6,77
0.747558528428,0.764183185236,equal,2,6,77
0.680066889632,0.691729323308,fmn,2,6,77
0.751973244147,0.818523581681,equal,2,6,77
0.686510590858,0.771701982228,fmn,2,6,77
0.804057971014,0.828434723172,equal,2,6,77
0.714292084727,0.736158578264,fmn,2,6,77
0.633467112598,0.67976760082,equal,2,6,77
0.589788182832,0.548530416951,fmn,2,6,77
0.848004459309,0.861244019139,equal,2,6,77
0.69596432553,0.738209159262,fmn,2,6,77
0.685351170569,0.699248120301,equal,2,6,77
0.654983277592,0.628844839371,fmn,2,6,77
0.715585284281,0.767942583732,equal,2,6,77
0.588361204013,0.592276144908,fmn,2,6,77
0.756008918618,0.814080656186,equal,2,6,77
0.593244147157,0.654135338346,fmn,2,6,77
0.857926421405,0.883116883117,equal,2,6,77
0.682853957637,0.701982228298,fmn,2,6,77
0.793177257525,0.790347293156,equal,2,6,89
0.759331103679,0.760980592441,fmn,2,6,89
0.73469342252,0.751532175689,equal,2,6,89
0.734403567447,0.706588355465,fmn,2,6,89
0.900156075808,0.922880490296,equal,2,6,89
0.832865105909,0.871297242084,fmn,2,6,89
0.772329988852,0.794943820225,equal,2,6,89
0.707692307692,0.737231869254,fmn,2,6,89
0.772664437012,0.757150153218,equal,2,6,89
0.711415830546,0.70531154239,fmn,2,6,89
0.59364548495,0.664708886619,equal,2,6,89
0.560869565217,0.594484167518,fmn,2,6,89
0.746488294314,0.775791624106,equal,2,6,89
0.696031215162,0.746680286006,fmn,2,6,89
0.703946488294,0.737487231869,equal,2,6,89
0.647268673356,0.656792645557,fmn,2,6,89
0.702787068004,0.759193054137,equal,2,6,89
0.651148272018,0.665474974464,fmn,2,6,89
0.730925306577,0.819969356486,equal,2,6,89
0.620981047938,0.707865168539,fmn,2,6,89
0.808272017837,0.856741573034,equal,2,6,89
0.783455964326,0.828907048008,fmn,2,6,89
0.766421404682,0.807456588355,equal,2,6,89
0.695362318841,0.700715015322,fmn,2,6,89
0.73779264214,0.76506639428,equal,2,6,89
0.631683389075,0.687691521961,fmn,2,6,89
0.741204013378,0.819969356486,equal,2,6,89
0.686934225195,0.729060265577,fmn,2,6,89
0.854269788183,0.882788559755,equal,2,6,89
0.755496098105,0.785240040858,fmn,2,6,89
0.845395763657,0.844994892748,equal,2,6,89
0.763656633222,0.776813074566,fmn,2,6,89
0.843946488294,0.876915219612,equal,2,6,89
0.769074693423,0.824055158325,fmn,2,6,89
0.802742474916,0.806435137896,equal,2,6,89
0.680022296544,0.668283963228,fmn,2,6,89
0.711594202899,0.828651685393,equal,2,6,89
0.678862876254,0.788049029622,fmn,2,6,89
0.623634336678,0.669560776302,equal,2,6,89
0.619464882943,0.624361593463,fmn,2,6,89
0.719397993311,0.746169560776,equal,2,6,89
0.60127090301,0.639427987743,fmn,2,6,89
0.806711259755,0.828140960163,equal,2,6,89
0.704370122631,0.698161389173,fmn,2,6,89
0.804838350056,0.843207354443,equal,2,6,89
0.764994425864,0.775791624106,fmn,2,6,89
0.741070234114,0.786772216547,equal,2,6,89
0.696833890747,0.757916241062,fmn,2,6,89
0.883255295429,0.89811031665,equal,2,6,89
0.805172798216,0.834525025536,fmn,2,6,89
0.927469342252,0.932584269663,equal,2,6,89
0.779353400223,0.787793667007,fmn,2,6,89
0.800468227425,0.817671092952,equal,2,6,89
0.626688963211,0.634065372829,fmn,2,6,89
0.653600891862,0.738253319714,equal,2,6,89
0.643768115942,0.696118488253,fmn,2,6,89
0.735005574136,0.801838610827,equal,2,6,89
0.617658862876,0.63253319714,fmn,2,6,89
0.775562987737,0.82431052094,equal,2,6,89
0.698885172798,0.731869254341,fmn,2,6,89
0.855607580825,0.858273748723,equal,2,6,89
0.762185061315,0.7208886619,fmn,2,6,89
0.832329988852,0.819969356486,equal,2,6,89
0.692017837235,0.695863125638,fmn,2,6,89
0.720557413601,0.771450459653,equal,2,6,89
0.613177257525,0.691011235955,fmn,2,6,89
0.7472909699,0.770684371808,equal,2,6,89
0.690412486065,0.701991828396,fmn,2,6,89
0.751170568562,0.797497446374,equal,2,6,89
0.67629877369,0.719101123596,fmn,2,6,89
0.8072909699,0.831460674157,equal,2,6,89
0.704481605351,0.713483146067,fmn,2,6,89
0.719420289855,0.754596527068,equal,2,6,89
0.65154960981,0.691521961185,fmn,2,6,89
0.645172798216,0.667517875383,equal,2,6,89
0.592419175028,0.585546475996,fmn,2,6,89
0.846934225195,0.860827374872,equal,2,6,89
0.727937569677,0.74897854954,fmn,2,6,89
0.693444816054,0.698416751788,equal,2,6,89
0.661516164994,0.634320735444,fmn,2,6,89
0.756700111483,0.815372829418,equal,2,6,89
0.589030100334,0.656281920327,fmn,2,6,89
0.855763656633,0.884065372829,equal,2,6,89
0.70530657748,0.710163432074,fmn,2,6,89
0.738885172798,0.780898876404,equal,2,6,89
0.619018952062,0.642492339122,fmn,2,6,89
0.822229654404,0.811031664964,equal,2,6,89
0.763188405797,0.739274770174,fmn,2,6,89
0.779866220736,0.836057201226,equal,2,6,89
0.690457079153,0.712717058223,fmn,2,6,89
0.80497212932,0.835035750766,equal,2,6,89
0.768160535117,0.787538304392,fmn,2,6,89
0.868851727982,0.874616956078,equal,2,6,89
0.748361204013,0.757405515832,fmn,2,6,89
0.839219620959,0.869254341164,equal,2,6,89
0.793890746934,0.804392236977,fmn,2,6,89
0.874492753623,0.905005107252,equal,2,6,89
0.818483835006,0.836567926456,fmn,2,6,89
0.753021181717,0.774259448417,equal,2,6,89
0.694782608696,0.716802860061,fmn,2,6,89
0.701248606466,0.770707070707,equal,2,6,100
0.64994425864,0.687070707071,fmn,2,6,100
0.728717948718,0.791111111111,equal,2,6,100
0.640557413601,0.726060606061,fmn,2,6,100
0.808004459309,0.856161616162,equal,2,6,100
0.781649944259,0.828282828283,fmn,2,6,100
0.771148272018,0.799191919192,equal,2,6,100
0.729632107023,0.738787878788,fmn,2,6,100
0.74022296544,0.763434343434,equal,2,6,100
0.677168338907,0.71696969697,fmn,2,6,100
0.743678929766,0.798181818182,equal,2,6,100
0.719620958751,0.752323232323,fmn,2,6,100
0.856878483835,0.878787878788,equal,2,6,100
0.773690078038,0.808080808081,fmn,2,6,100
0.69469342252,0.727070707071,equal,2,6,100
0.665618729097,0.687676767677,fmn,2,6,100
0.846376811594,0.854343434343,equal,2,6,100
0.765239687848,0.782222222222,fmn,2,6,100
0.844414715719,0.872121212121,equal,2,6,100
0.773690078038,0.832929292929,fmn,2,6,100
0.802720178372,0.814747474747,equal,2,6,100
0.689654403567,0.686060606061,fmn,2,6,100
0.71884057971,0.817777777778,equal,2,6,100
0.660824972129,0.725454545455,fmn,2,6,100
0.634336677815,0.67696969697,equal,2,6,100
0.614069119287,0.633737373737,fmn,2,6,100
0.722564102564,0.748484848485,equal,2,6,100
0.662408026756,0.678383838384,fmn,2,6,100
0.810947603122,0.826262626263,equal,2,6,100
0.711059085842,0.69898989899,fmn,2,6,100
0.746778149387,0.790505050505,equal,2,6,100
0.740668896321,0.775757575758,fmn,2,6,100
0.883299888517,0.894949494949,equal,2,6,100
0.803344481605,0.827070707071,fmn,2,6,100
0.927536231884,0.929494949495,equal,2,6,100
0.860133779264,0.844444444444,fmn,2,6,100
0.802898550725,0.821414141414,equal,2,6,100
0.628695652174,0.644848484848,fmn,2,6,100
0.654336677815,0.730303030303,equal,2,6,100
0.65132664437,0.697171717172,fmn,2,6,100
0.742965440357,0.792323232323,equal,2,6,100
0.695072463768,0.713939393939,fmn,2,6,100
0.775540691193,0.81797979798,equal,2,6,100
0.702831661093,0.736161616162,fmn,2,6,100
0.774381270903,0.789292929293,equal,2,6,100
0.75502787068,0.746262626263,fmn,2,6,100
0.854581939799,0.860808080808,equal,2,6,100
0.762251950948,0.73696969697,fmn,2,6,100
0.830078037904,0.826464646465,equal,2,6,100
0.663946488294,0.683232323232,fmn,2,6,100
0.730568561873,0.768080808081,equal,2,6,100
0.614604236343,0.68101010101,fmn,2,6,100
0.749565217391,0.771717171717,equal,2,6,100
0.710234113712,0.716363636364,fmn,2,6,100
0.802564102564,0.833535353535,equal,2,6,100
0.709119286511,0.754747474747,fmn,2,6,100
0.714158305463,0.761212121212,equal,2,6,100
0.670724637681,0.737575757576,fmn,2,6,100
0.657480490524,0.673131313131,equal,2,6,100
0.602408026756,0.564242424242,fmn,2,6,100
0.846889632107,0.861818181818,equal,2,6,100
0.726064659978,0.738383838384,fmn,2,6,100
0.695875139353,0.705454545455,equal,2,6,100
0.666510590858,0.635151515152,fmn,2,6,100
0.719063545151,0.759797979798,equal,2,6,100
0.631527313266,0.641212121212,fmn,2,6,100
0.85491638796,0.880606060606,equal,2,6,100
0.719598662207,0.724646464646,fmn,2,6,100
0.738662207358,0.753939393939,equal,2,6,100
0.64751393534,0.684646464646,fmn,2,6,100
0.82602006689,0.808484848485,equal,2,6,100
0.783010033445,0.758585858586,fmn,2,6,100
0.780936454849,0.838787878788,equal,2,6,100
0.68497212932,0.692525252525,fmn,2,6,100
0.812062430323,0.843434343434,equal,2,6,100
0.779554069119,0.746666666667,fmn,2,6,100
0.802363433668,0.83898989899,equal,2,6,100
0.774960981048,0.79696969697,fmn,2,6,100
0.869765886288,0.88,equal,2,6,100
0.749319955407,0.765252525253,fmn,2,6,100
0.839910813824,0.865252525253,equal,2,6,100
0.776454849498,0.797575757576,fmn,2,6,100
0.750323299889,0.775555555556,equal,2,6,100
0.69895206243,0.728484848485,fmn,2,6,100
0.816254180602,0.830707070707,equal,2,6,100
0.710791527313,0.750505050505,fmn,2,6,100
0.736098104794,0.791111111111,equal,2,6,100
0.693511705686,0.757777777778,fmn,2,6,100
0.773154960981,0.79595959596,equal,2,6,100
0.736967670011,0.734141414141,fmn,2,6,100
0.811348940914,0.839595959596,equal,2,6,100
0.769409141583,0.796565656566,fmn,2,6,100
0.754247491639,0.772727272727,equal,2,6,100
0.747335562988,0.771111111111,fmn,2,6,100
0.79016722408,0.761212121212,equal,2,6,100
0.765574136009,0.734949494949,fmn,2,6,100
0.79099219621,0.790505050505,equal,2,6,100
0.696789297659,0.708484848485,fmn,2,6,100
0.810501672241,0.805656565657,equal,2,6,100
0.718795986622,0.718787878788,fmn,2,6,100
0.757859531773,0.841437632135,equal,2,8,44
0.661449275362,0.596194503171,fmn,2,8,44
0.82994425864,0.84355179704,equal,2,8,44
0.689453734671,0.69978858351,fmn,2,8,44
0.838439241918,0.879492600423,equal,2,8,44
0.690858416945,0.737843551797,fmn,2,8,44
0.823054626533,0.897463002114,equal,2,8,44
0.649141583055,0.707188160677,fmn,2,8,44
0.770234113712,0.858350951374,equal,2,8,44
0.731505016722,0.774841437632,fmn,2,8,44
0.70254180602,0.80866807611,equal,2,8,44
0.501248606466,0.508456659619,fmn,2,8,44
0.861739130435,0.918604651163,equal,2,8,44
0.81110367893,0.831923890063,fmn,2,8,44
0.807023411371,0.845665961945,equal,2,8,44
0.759509476031,0.662790697674,fmn,2,8,44
0.787134894091,0.8044397463,equal,2,8,44
0.53237458194,0.535940803383,fmn,2,8,44
0.882920847269,0.892177589852,equal,2,8,44
0.732976588629,0.780126849894,fmn,2,8,44
0.93226309922,0.958773784355,equal,2,8,44
0.804124860647,0.836152219873,fmn,2,8,44
0.989810479376,1.0,equal,2,8,44
0.660401337793,0.696617336152,fmn,2,8,44
0.803835005574,0.868921775899,equal,2,8,44
0.707380156076,0.746300211416,fmn,2,8,44
0.829899665552,0.898520084567,equal,2,8,44
0.598662207358,0.719873150106,fmn,2,8,44
0.817034559643,0.883720930233,equal,2,8,44
0.665975473802,0.667019027484,fmn,2,8,44
0.875384615385,0.938689217759,equal,2,8,44
0.725016722408,0.781183932347,fmn,2,8,44
0.945261984392,0.977801268499,equal,2,8,44
0.766488294314,0.807610993658,fmn,2,8,44
0.925574136009,0.952431289641,equal,2,8,44
0.806822742475,0.841437632135,fmn,2,8,44
0.731393534002,0.836152219873,equal,2,8,44
0.636120401338,0.713530655391,fmn,2,8,44
0.79768115942,0.885835095137,equal,2,8,44
0.681070234114,0.68710359408,fmn,2,8,44
0.789476031215,0.845665961945,equal,2,8,44
0.583500557414,0.563424947146,fmn,2,8,44
0.873779264214,0.931289640592,equal,2,8,44
0.696321070234,0.761099365751,fmn,2,8,44
0.813266443701,0.905919661734,equal,2,8,44
0.765016722408,0.798097251586,fmn,2,8,44
0.752909698997,0.817124735729,equal,2,8,44
0.701070234114,0.683932346723,fmn,2,8,44
0.822876254181,0.898520084567,equal,2,8,44
0.708584169454,0.748414376321,fmn,2,8,44
0.871393534002,0.868921775899,equal,2,8,44
0.687558528428,0.748414376321,fmn,2,8,44
0.789587513935,0.858350951374,equal,2,8,44
0.698171683389,0.737843551797,fmn,2,8,44
0.843656633222,0.922832980973,equal,2,8,44
0.770122630992,0.787526427061,fmn,2,8,44
0.827759197324,0.887949260042,equal,2,8,44
0.723946488294,0.8044397463,fmn,2,8,44
0.785284280936,0.889006342495,equal,2,8,44
0.697369007804,0.731501057082,fmn,2,8,44
0.904258639911,0.933403805497,equal,2,8,44
0.75353400223,0.771670190275,fmn,2,8,44
0.800356744705,0.831923890063,equal,2,8,44
0.632151616499,0.643763213531,fmn,2,8,44
0.826622073579,0.859408033827,equal,2,8,44
0.608628762542,0.623678646934,fmn,2,8,44
0.729297658863,0.819238900634,equal,2,8,44
0.603879598662,0.677589852008,fmn,2,8,44
0.793846153846,0.869978858351,equal,2,8,44
0.721471571906,0.747357293869,fmn,2,8,44
0.904682274247,0.936575052854,equal,2,8,44
0.786555183946,0.781183932347,fmn,2,8,44
0.722831661093,0.840380549683,equal,2,8,44
0.640312151616,0.678646934461,fmn,2,8,44
0.701114827202,0.745243128964,equal,2,8,44
0.664771460424,0.64799154334,fmn,2,8,44
0.809253065775,0.855179704017,equal,2,8,44
0.765239687848,0.753699788584,fmn,2,8,44
0.799375696767,0.853065539112,equal,2,8,44
0.737948717949,0.76955602537,fmn,2,8,44
0.799843924192,0.901691331924,equal,2,8,44
0.665975473802,0.73467230444,fmn,2,8,44
0.856744704571,0.867864693446,equal,2,8,44
0.717881828317,0.737843551797,fmn,2,8,44
0.815451505017,0.877378435518,equal,2,8,44
0.58856187291,0.654334038055,fmn,2,8,44
0.805707915273,0.84355179704,equal,2,8,44
0.592463768116,0.632135306554,fmn,2,8,44
0.784169453735,0.872093023256,equal,2,8,44
0.715496098105,0.72621564482,fmn,2,8,44
0.799241917503,0.854122621564,equal,2,8,44
0.709654403567,0.719873150106,fmn,2,8,44
0.883389074693,0.924947145877,equal,2,8,44
0.749074693423,0.783298097252,fmn,2,8,44
0.871081382386,0.920718816068,equal,2,8,44
0.671259754738,0.728329809725,fmn,2,8,44
0.869609810479,0.885835095137,equal,2,8,44
0.674336677815,0.729386892178,fmn,2,8,44
0.818305462653,0.881606765328,equal,2,8,44
0.675273132664,0.748414376321,fmn,2,8,44
0.794269788183,0.822324628776,equal,2,8,63
0.527491638796,0.58064516129,fmn,2,8,63
0.89099219621,0.890424987199,equal,2,8,63
0.699955406912,0.696364567332,fmn,2,8,63
0.937993311037,0.952892985151,equal,2,8,63
0.756164994426,0.793650793651,fmn,2,8,63
0.993890746934,0.99948796723,equal,2,8,63
0.66613154961,0.739887352791,fmn,2,8,63
0.831371237458,0.855606758833,equal,2,8,63
0.733311036789,0.764464925755,fmn,2,8,63
0.827959866221,0.886328725038,equal,2,8,63
0.670479375697,0.724014336918,fmn,2,8,63
0.825351170569,0.864311315924,equal,2,8,63
0.643121516165,0.706093189964,fmn,2,8,63
0.846666666667,0.885304659498,equal,2,8,63
0.731817168339,0.766513056836,fmn,2,8,63
0.889698996656,0.924219150026,equal,2,8,63
0.732731326644,0.751152073733,fmn,2,8,63
0.945774804905,0.972350230415,equal,2,8,63
0.804548494983,0.815668202765,fmn,2,8,63
0.93491638796,0.94879672299,equal,2,8,63
0.80138238573,0.835637480799,fmn,2,8,63
0.766176142698,0.818228366615,equal,2,8,63
0.642519509476,0.73476702509,fmn,2,8,63
0.921025641026,0.930363543267,equal,2,8,63
0.830301003344,0.845366103431,fmn,2,8,63
0.804191750279,0.875064004096,equal,2,8,63
0.695451505017,0.725550435228,fmn,2,8,63
0.808606465998,0.826932923707,equal,2,8,63
0.612062430323,0.651305683564,fmn,2,8,63
0.839598662207,0.881208397337,equal,2,8,63
0.824370122631,0.823860727087,fmn,2,8,63
0.781694537347,0.802867383513,equal,2,8,63
0.675942028986,0.669226830517,fmn,2,8,63
0.839018952062,0.878648233487,equal,2,8,63
0.737212931996,0.768049155146,fmn,2,8,63
0.867603121516,0.877624167947,equal,2,8,63
0.756031215162,0.805939580133,fmn,2,8,63
0.809632107023,0.818740399386,equal,2,8,63
0.650144927536,0.668714797747,fmn,2,8,63
0.864481605351,0.89400921659,equal,2,8,63
0.790546265329,0.807987711214,fmn,2,8,63
0.797658862876,0.874551971326,equal,2,8,63
0.721694537347,0.769073220686,fmn,2,8,63
0.903099219621,0.911418330773,equal,2,8,63
0.774091415831,0.762928827445,fmn,2,8,63
0.903232998885,0.936507936508,equal,2,8,63
0.81779264214,0.829493087558,fmn,2,8,63
0.805239687848,0.832565284178,equal,2,8,63
0.728918617614,0.692268305172,fmn,2,8,63
0.849074693423,0.861751152074,equal,2,8,63
0.652151616499,0.659498207885,fmn,2,8,63
0.755719063545,0.819764464926,equal,2,8,63
0.59375696767,0.636456733231,fmn,2,8,63
0.801895206243,0.848438300051,equal,2,8,63
0.735629877369,0.780849974398,fmn,2,8,63
0.909074693423,0.919610855095,equal,2,8,63
0.832129319955,0.838197644649,fmn,2,8,63
0.883500557414,0.908346134153,equal,2,8,63
0.796989966555,0.784434203789,fmn,2,8,63
0.696588628763,0.755248335893,equal,2,8,63
0.670144927536,0.703020993344,fmn,2,8,63
0.8375696767,0.856630824373,equal,2,8,63
0.728695652174,0.749615975422,fmn,2,8,63
0.814202898551,0.829493087558,equal,2,8,63
0.735496098105,0.761392729135,fmn,2,8,63
0.805284280936,0.881208397337,equal,2,8,63
0.695830546265,0.765488991295,fmn,2,8,63
0.862742474916,0.880184331797,equal,2,8,63
0.773667781494,0.764976958525,fmn,2,8,63
0.844882943144,0.864311315924,equal,2,8,63
0.628985507246,0.675883256528,fmn,2,8,63
0.827045707915,0.852534562212,equal,2,8,63
0.634604236343,0.724526369688,fmn,2,8,63
0.807781493868,0.84434203789,equal,2,8,63
0.756343366778,0.772657450077,fmn,2,8,63
0.785618729097,0.822324628776,equal,2,8,63
0.754537346711,0.713773681516,fmn,2,8,63
0.901716833891,0.912954429083,equal,2,8,63
0.777279821628,0.803379416283,fmn,2,8,63
0.871683389075,0.910906298003,equal,2,8,63
0.687179487179,0.748591909882,fmn,2,8,63
0.872107023411,0.888888888889,equal,2,8,63
0.723946488294,0.750128008193,fmn,2,8,63
0.827803790412,0.872503840246,equal,2,8,63
0.676142697882,0.763440860215,fmn,2,8,63
0.792575250836,0.84126984127,equal,2,8,63
0.725574136009,0.775217613927,fmn,2,8,63
0.745395763657,0.821300563236,equal,2,8,63
0.643991081382,0.593958013313,fmn,2,8,63
0.795674470457,0.78904249872,equal,2,8,63
0.639175027871,0.655401945725,fmn,2,8,63
0.846622073579,0.903737839222,equal,2,8,63
0.766845039019,0.813108038914,fmn,2,8,63
0.806532887402,0.854070660522,equal,2,8,63
0.73988851728,0.699948796723,fmn,2,8,63
0.821293199554,0.857142857143,equal,2,8,63
0.699197324415,0.722478238607,fmn,2,8,63
0.7902787068,0.853558627752,equal,2,8,63
0.666287625418,0.689708141321,fmn,2,8,63
0.891861761427,0.916951469583,equal,2,8,77
0.779130434783,0.818181818182,fmn,2,8,77
0.949542920847,0.97026657553,equal,2,8,77
0.841962095875,0.848940533151,fmn,2,8,77
0.93143812709,0.95044429255,equal,2,8,77
0.826555183946,0.83971291866,fmn,2,8,77
0.75988851728,0.808612440191,equal,2,8,77
0.625351170569,0.732740943267,fmn,2,8,77
0.920512820513,0.931305536569,equal,2,8,77
0.846086956522,0.845522898154,fmn,2,8,77
0.801917502787,0.873205741627,equal,2,8,77
0.738104793757,0.76965140123,fmn,2,8,77
0.825886287625,0.807587149692,equal,2,8,77
0.65977703456,0.673957621326,fmn,2,8,77
0.870301003344,0.926862611073,equal,2,8,77
0.772329988852,0.843814080656,fmn,2,8,77
0.838372352285,0.876623376623,equal,2,8,77
0.822452619844,0.825358851675,fmn,2,8,77
0.801315496098,0.807245386193,equal,2,8,77
0.684816053512,0.704374572796,fmn,2,8,77
0.838639910814,0.868421052632,equal,2,8,77
0.759576365663,0.726930963773,fmn,2,8,77
0.868539576366,0.88004101162,equal,2,8,77
0.794113712375,0.826042378674,fmn,2,8,77
0.808874024526,0.817840054682,equal,2,8,77
0.673244147157,0.682501708817,fmn,2,8,77
0.871661092531,0.885509227614,equal,2,8,77
0.810457079153,0.823650034176,fmn,2,8,77
0.841761426979,0.863978127136,equal,2,8,77
0.776789297659,0.792207792208,fmn,2,8,77
0.903612040134,0.904989747095,equal,2,8,77
0.802497212932,0.807245386193,fmn,2,8,77
0.907803790412,0.928913192071,equal,2,8,77
0.78530657748,0.813738892686,fmn,2,8,77
0.806309921962,0.832877648667,equal,2,8,77
0.743411371237,0.725563909774,fmn,2,8,77
0.851170568562,0.86021872864,equal,2,8,77
0.679264214047,0.7002734108,fmn,2,8,77
0.80381270903,0.845522898154,equal,2,8,77
0.735295429208,0.762816131237,fmn,2,8,77
0.915094760312,0.922761449077,equal,2,8,77
0.808049052397,0.808612440191,fmn,2,8,77
0.88646599777,0.907040328093,equal,2,8,77
0.797770345596,0.797334244703,fmn,2,8,77
0.796454849498,0.822282980178,equal,2,8,77
0.655273132664,0.659261790841,fmn,2,8,77
0.706867335563,0.747778537252,equal,2,8,77
0.618595317726,0.652768284347,fmn,2,8,77
0.846644370123,0.863294600137,equal,2,8,77
0.734559643255,0.754955570745,fmn,2,8,77
0.814425863991,0.839029391661,equal,2,8,77
0.777725752508,0.7997265892,fmn,2,8,77
0.801783723523,0.872180451128,equal,2,8,77
0.730234113712,0.8000683527,fmn,2,8,77
0.862385730212,0.879015721121,equal,2,8,77
0.783121516165,0.776486671224,fmn,2,8,77
0.848160535117,0.847573479152,equal,2,8,77
0.712686733556,0.719412166781,fmn,2,8,77
0.834202898551,0.820574162679,equal,2,8,77
0.625373467113,0.702323991798,fmn,2,8,77
0.805819397993,0.845181134655,equal,2,8,77
0.729319955407,0.726930963773,fmn,2,8,77
0.793110367893,0.804511278195,equal,2,8,77
0.755183946488,0.719070403281,fmn,2,8,77
0.902675585284,0.911483253589,equal,2,8,77
0.770680044593,0.822624743677,fmn,2,8,77
0.874715719064,0.903280929597,equal,2,8,77
0.631170568562,0.714969241285,fmn,2,8,77
0.87353400223,0.891319207109,equal,2,8,77
0.755763656633,0.77033492823,fmn,2,8,77
0.801092530658,0.833219412167,equal,2,8,77
0.755986622074,0.788448393712,fmn,2,8,77
0.776744704571,0.804169514696,equal,2,8,77
0.69259754738,0.656527682843,fmn,2,8,77
0.800602006689,0.796992481203,equal,2,8,77
0.67502787068,0.704374572796,fmn,2,8,77
0.760133779264,0.815105946685,equal,2,8,77
0.69977703456,0.715994531784,fmn,2,8,77
0.841337792642,0.897812713602,equal,2,8,77
0.742497212932,0.818181818182,fmn,2,8,77
0.812218506132,0.847915242652,equal,2,8,77
0.726778149387,0.72966507177,fmn,2,8,77
0.824526198439,0.859193438141,equal,2,8,77
0.70646599777,0.76008202324,fmn,2,8,77
0.787558528428,0.832877648667,equal,2,8,77
0.746220735786,0.730690362269,fmn,2,8,77
0.845261984392,0.866712235133,equal,2,8,77
0.720891861761,0.754613807245,fmn,2,8,77
0.851148272018,0.871496924129,equal,2,8,77
0.812084726867,0.822624743677,fmn,2,8,77
0.912775919732,0.935064935065,equal,2,8,77
0.774158305463,0.786056049214,fmn,2,8,77
0.741694537347,0.763841421736,equal,2,8,77
0.561716833891,0.628503075871,fmn,2,8,77
0.83641025641,0.784688995215,equal,2,8,77
0.762675585284,0.719412166781,fmn,2,8,77
0.714158305463,0.74982911825,equal,2,8,77
0.654247491639,0.652426520848,fmn,2,8,77
0.797591973244,0.838004101162,equal,2,8,77
0.718394648829,0.73991797676,fmn,2,8,77
0.812040133779,0.800306435138,equal,2,8,89
0.671884057971,0.696629213483,fmn,2,8,89
0.840468227425,0.863125638407,equal,2,8,89
0.759531772575,0.752808988764,fmn,2,8,89
0.869743589744,0.880490296221,equal,2,8,89
0.808405797101,0.83835546476,fmn,2,8,89
0.818327759197,0.817926455567,equal,2,8,89
0.731014492754,0.76404494382,fmn,2,8,89
0.875473801561,0.872318692543,equal,2,8,89
0.793467112598,0.804902962206,fmn,2,8,89
0.842675585284,0.865423901941,equal,2,8,89
0.772084726867,0.741317671093,fmn,2,8,89
0.809498327759,0.854443309499,equal,2,8,89
0.778639910814,0.78013278856,fmn,2,8,89
0.908115942029,0.907303370787,equal,2,8,89
0.791794871795,0.801838610827,fmn,2,8,89
0.909186176143,0.930796731359,equal,2,8,89
0.812976588629,0.854698672114,fmn,2,8,89
0.798416945373,0.831716036772,equal,2,8,89
0.721783723523,0.70480081716,fmn,2,8,89
0.84867335563,0.857507660878,equal,2,8,89
0.693355629877,0.717313585291,fmn,2,8,89
0.761337792642,0.827374872319,equal,2,8,89
0.610501672241,0.69126659857,fmn,2,8,89
0.805551839465,0.831460674157,equal,2,8,89
0.720356744705,0.739019407559,fmn,2,8,89
0.915875139353,0.921603677222,equal,2,8,89
0.830323299889,0.811031664964,fmn,2,8,89
0.887380156076,0.908069458631,equal,2,8,89
0.796477146042,0.799029622063,fmn,2,8,89
0.712307692308,0.723186925434,equal,2,8,89
0.610189520624,0.629724208376,fmn,2,8,89
0.848762541806,0.862870275792,equal,2,8,89
0.742586399108,0.75,fmn,2,8,89
0.818706800446,0.826608784474,equal,2,8,89
0.771683389075,0.77860061287,fmn,2,8,89
0.808272017837,0.859805924413,equal,2,8,89
0.708851727982,0.767364657814,fmn,2,8,89
0.861114827202,0.874872318693,equal,2,8,89
0.784816053512,0.774770173647,fmn,2,8,89
0.852798216276,0.846782431052,equal,2,8,89
0.745685618729,0.715781409602,fmn,2,8,89
0.833244147157,0.82379979571,equal,2,8,89
0.667937569677,0.723186925434,fmn,2,8,89
0.80994425864,0.849080694586,equal,2,8,89
0.726845039019,0.742339121553,fmn,2,8,89
0.78751393534,0.82328907048,equal,2,8,89
0.748338907469,0.729315628192,fmn,2,8,89
0.907759197324,0.913687436159,equal,2,8,89
0.780289855072,0.797752808989,fmn,2,8,89
0.878149386845,0.902196118488,equal,2,8,89
0.67226309922,0.746424923391,fmn,2,8,89
0.875696767001,0.890960163432,equal,2,8,89
0.673690078038,0.73391215526,fmn,2,8,89
0.832798216276,0.873084780388,equal,2,8,89
0.746956521739,0.803626149132,fmn,2,8,89
0.80127090301,0.832226762002,equal,2,8,89
0.751616499443,0.767620020429,fmn,2,8,89
0.778082497213,0.800561797753,equal,2,8,89
0.667224080268,0.644279877426,fmn,2,8,89
0.761939799331,0.808478038815,equal,2,8,89
0.709119286511,0.722420837589,fmn,2,8,89
0.849096989967,0.893258426966,equal,2,8,89
0.758260869565,0.803115423902,fmn,2,8,89
0.820891861761,0.851123595506,equal,2,8,89
0.723232998885,0.718335035751,fmn,2,8,89
0.826688963211,0.85393258427,equal,2,8,89
0.704838350056,0.752808988764,fmn,2,8,89
0.841694537347,0.875638406537,equal,2,8,89
0.722920847269,0.76404494382,fmn,2,8,89
0.850903010033,0.864147088866,equal,2,8,89
0.815228539576,0.811031664964,fmn,2,8,89
0.953377926421,0.967313585291,equal,2,8,89
0.81248606466,0.823544433095,fmn,2,8,89
0.916722408027,0.929519918284,equal,2,8,89
0.773578595318,0.772727272727,fmn,2,8,89
0.735072463768,0.775280898876,equal,2,8,89
0.639464882943,0.699693564862,fmn,2,8,89
0.842185061315,0.792134831461,equal,2,8,89
0.675897435897,0.635852911134,fmn,2,8,89
0.719331103679,0.755873340143,equal,2,8,89
0.666220735786,0.637129724208,fmn,2,8,89
0.808294314381,0.818947906027,equal,2,8,89
0.74602006689,0.748467824311,fmn,2,8,89
0.794425863991,0.835801838611,equal,2,8,89
0.713578595318,0.754851889683,fmn,2,8,89
0.786399108138,0.814096016343,equal,2,8,89
0.660936454849,0.658835546476,fmn,2,8,89
0.870189520624,0.886874361593,equal,2,8,89
0.766399108138,0.784984678243,fmn,2,8,89
0.937391304348,0.943564862104,equal,2,8,89
0.857814938685,0.885852911134,fmn,2,8,89
0.807447045708,0.841930541369,equal,2,8,89
0.729208472687,0.772216547497,fmn,2,8,89
0.858416945373,0.860572012257,equal,2,8,89
0.763768115942,0.755107252298,fmn,2,8,89
0.867134894091,0.885086823289,equal,2,8,89
0.787313266444,0.802860061287,fmn,2,8,89
0.932463768116,0.943820224719,equal,2,8,89
0.870301003344,0.891726251277,fmn,2,8,89
0.802385730212,0.83696969697,equal,2,8,100
0.729765886288,0.707878787879,fmn,2,8,100
0.850390189521,0.851919191919,equal,2,8,100
0.683166109253,0.735757575758,fmn,2,8,100
0.765284280936,0.822626262626,equal,2,8,100
0.593132664437,0.646868686869,fmn,2,8,100
0.801828316611,0.824848484848,equal,2,8,100
0.712954292085,0.746666666667,fmn,2,8,100
0.914002229654,0.921414141414,equal,2,8,100
0.852820512821,0.849090909091,fmn,2,8,100
0.883522853958,0.901212121212,equal,2,8,100
0.811594202899,0.822626262626,fmn,2,8,100
0.781783723523,0.812727272727,equal,2,8,100
0.6927090301,0.659595959596,fmn,2,8,100
0.711371237458,0.730707070707,equal,2,8,100
0.597748049052,0.629898989899,fmn,2,8,100
0.853043478261,0.86303030303,equal,2,8,100
0.761828316611,0.762424242424,fmn,2,8,100
0.822675585284,0.837171717172,equal,2,8,100
0.759331103679,0.779595959596,fmn,2,8,100
0.804771460424,0.864646464646,equal,2,8,100
0.73364548495,0.79696969697,fmn,2,8,100
0.86104793757,0.872727272727,equal,2,8,100
0.79226309922,0.808080808081,fmn,2,8,100
0.849587513935,0.851515151515,equal,2,8,100
0.752441471572,0.725252525253,fmn,2,8,100
0.839375696767,0.831111111111,equal,2,8,100
0.774626532887,0.771111111111,fmn,2,8,100
0.819866220736,0.82202020202,equal,2,8,100
0.767558528428,0.75696969697,fmn,2,8,100
0.790256410256,0.825454545455,equal,2,8,100
0.739509476031,0.75797979798,fmn,2,8,100
0.90602006689,0.920808080808,equal,2,8,100
0.806064659978,0.818787878788,fmn,2,8,100
0.87353400223,0.903838383838,equal,2,8,100
0.725328874025,0.806464646465,fmn,2,8,100
0.875273132664,0.887272727273,equal,2,8,100
0.665819397993,0.719595959596,fmn,2,8,100
0.838149386845,0.876161616162,equal,2,8,100
0.747959866221,0.815353535354,fmn,2,8,100
0.780602006689,0.796767676768,equal,2,8,100
0.709208472687,0.691111111111,fmn,2,8,100
0.803991081382,0.806262626263,equal,2,8,100
0.70276477146,0.712929292929,fmn,2,8,100
0.765663322185,0.798383838384,equal,2,8,100
0.726309921962,0.732323232323,fmn,2,8,100
0.849342251951,0.885858585859,equal,2,8,100
0.802675585284,0.821818181818,fmn,2,8,100
0.824169453735,0.837575757576,equal,2,8,100
0.728294314381,0.720606060606,fmn,2,8,100
0.828361204013,0.854141414141,equal,2,8,100
0.699933110368,0.740202020202,fmn,2,8,100
0.790791527313,0.827676767677,equal,2,8,100
0.755451505017,0.748888888889,fmn,2,8,100
0.846064659978,0.880404040404,equal,2,8,100
0.725663322185,0.768686868687,fmn,2,8,100
0.852396878484,0.865656565657,equal,2,8,100
0.811594202899,0.811919191919,fmn,2,8,100
0.919331103679,0.924646464646,equal,2,8,100
0.761828316611,0.782222222222,fmn,2,8,100
0.734715719064,0.792121212121,equal,2,8,100
0.679264214047,0.733535353535,fmn,2,8,100
0.838327759197,0.80404040404,equal,2,8,100
0.708851727982,0.66404040404,fmn,2,8,100
0.728851727982,0.762222222222,equal,2,8,100
0.670546265329,0.668282828283,fmn,2,8,100
0.80994425864,0.810505050505,equal,2,8,100
0.755986622074,0.762828282828,fmn,2,8,100
0.786176142698,0.809494949495,equal,2,8,100
0.685663322185,0.706666666667,fmn,2,8,100
0.807068004459,0.805454545455,equal,2,8,100
0.746822742475,0.747676767677,fmn,2,8,100
0.870590858417,0.88404040404,equal,2,8,100
0.770367892977,0.784646464646,fmn,2,8,100
0.937658862876,0.940606060606,equal,2,8,100
0.845373467113,0.87595959596,fmn,2,8,100
0.807781493868,0.844242424242,equal,2,8,100
0.736031215162,0.773333333333,fmn,2,8,100
0.859241917503,0.855757575758,equal,2,8,100
0.767068004459,0.75898989899,fmn,2,8,100
0.869096989967,0.87797979798,equal,2,8,100
0.77226309922,0.775353535354,fmn,2,8,100
0.931527313266,0.949292929293,equal,2,8,100
0.866421404682,0.894343434343,fmn,2,8,100
0.828428093645,0.833535353535,equal,2,8,100
0.707224080268,0.744646464646,fmn,2,8,100
0.816209587514,0.88101010101,equal,2,8,100
0.726644370123,0.777373737374,fmn,2,8,100
0.897034559643,0.917575757576,equal,2,8,100
0.770613154961,0.771515151515,fmn,2,8,100
0.805707915273,0.832525252525,equal,2,8,100
0.732285395764,0.725454545455,fmn,2,8,100
0.913801560758,0.905050505051,equal,2,8,100
0.757904124861,0.76404040404,fmn,2,8,100
0.831861761427,0.858383838384,equal,2,8,100
0.710412486065,0.748282828283,fmn,2,8,100
0.834894091416,0.857777777778,equal,2,8,100
0.776231884058,0.783838383838,fmn,2,8,100
0.829743589744,0.802222222222,equal,2,8,100
0.791036789298,0.771111111111,fmn,2,8,100
